OMRÅDE,KØN,CIVILSTAND,TID,ALDER,INDHOLD
København,Mænd,Ugift,2016,30,6033
København,Mænd,Ugift,2016,31,5250
København,Mænd,Ugift,2016,32,4648
København,Mænd,Ugift,2016,33,4116
København,Mænd,Ugift,2016,34,3611
København,Mænd,Ugift,2016,35,3396
København,Mænd,Ugift,2016,36,3249
København,Mænd,Ugift,2016,37,2973
København,Mænd,Ugift,2016,38,2634
København,Mænd,Ugift,2016,39,2363
København,Mænd,Ugift,2016,40,2303
København,Mænd,Ugift,2017,30,6029
København,Mænd,Ugift,2017,31,5538
København,Mænd,Ugift,2017,32,4824
København,Mænd,Ugift,2017,33,4180
København,Mænd,Ugift,2017,34,3785
København,Mænd,Ugift,2017,35,3226
København,Mænd,Ugift,2017,36,3081
København,Mænd,Ugift,2017,37,2965
København,Mænd,Ugift,2017,38,2754
København,Mænd,Ugift,2017,39,2427
København,Mænd,Ugift,2017,40,2205
København,Mænd,Ugift,2018,30,6274
København,Mænd,Ugift,2018,31,5592
København,Mænd,Ugift,2018,32,4996
København,Mænd,Ugift,2018,33,4413
København,Mænd,Ugift,2018,34,3810
København,Mænd,Ugift,2018,35,3454
København,Mænd,Ugift,2018,36,2992
København,Mænd,Ugift,2018,37,2860
København,Mænd,Ugift,2018,38,2772
København,Mænd,Ugift,2018,39,2549
København,Mænd,Ugift,2018,40,2283
København,Mænd,Ugift,2019,30,6647
København,Mænd,Ugift,2019,31,5751
København,Mænd,Ugift,2019,32,5095
København,Mænd,Ugift,2019,33,4556
København,Mænd,Ugift,2019,34,3928
København,Mænd,Ugift,2019,35,3460
København,Mænd,Ugift,2019,36,3150
København,Mænd,Ugift,2019,37,2741
København,Mænd,Ugift,2019,38,2626
København,Mænd,Ugift,2019,39,2576
København,Mænd,Ugift,2019,40,2355
København,Mænd,Ugift,2020,30,6893
København,Mænd,Ugift,2020,31,6131
København,Mænd,Ugift,2020,32,5242
København,Mænd,Ugift,2020,33,4617
København,Mænd,Ugift,2020,34,4118
København,Mænd,Ugift,2020,35,3550
København,Mænd,Ugift,2020,36,3122
København,Mænd,Ugift,2020,37,2869
København,Mænd,Ugift,2020,38,2532
København,Mænd,Ugift,2020,39,2416
København,Mænd,Ugift,2020,40,2394
København,Mænd,Gift/separeret,2016,30,1238
København,Mænd,Gift/separeret,2016,31,1439
København,Mænd,Gift/separeret,2016,32,1582
København,Mænd,Gift/separeret,2016,33,1705
København,Mænd,Gift/separeret,2016,34,1779
København,Mænd,Gift/separeret,2016,35,1796
København,Mænd,Gift/separeret,2016,36,1913
København,Mænd,Gift/separeret,2016,37,1819
København,Mænd,Gift/separeret,2016,38,1965
København,Mænd,Gift/separeret,2016,39,1885
København,Mænd,Gift/separeret,2016,40,2008
København,Mænd,Gift/separeret,2017,30,1263
København,Mænd,Gift/separeret,2017,31,1466
København,Mænd,Gift/separeret,2017,32,1575
København,Mænd,Gift/separeret,2017,33,1740
København,Mænd,Gift/separeret,2017,34,1808
København,Mænd,Gift/separeret,2017,35,1797
København,Mænd,Gift/separeret,2017,36,1855
København,Mænd,Gift/separeret,2017,37,1941
København,Mænd,Gift/separeret,2017,38,1868
København,Mænd,Gift/separeret,2017,39,1958
København,Mænd,Gift/separeret,2017,40,1910
København,Mænd,Gift/separeret,2018,30,1258
København,Mænd,Gift/separeret,2018,31,1486
København,Mænd,Gift/separeret,2018,32,1683
København,Mænd,Gift/separeret,2018,33,1680
København,Mænd,Gift/separeret,2018,34,1845
København,Mænd,Gift/separeret,2018,35,1909
København,Mænd,Gift/separeret,2018,36,1808
København,Mænd,Gift/separeret,2018,37,1865
København,Mænd,Gift/separeret,2018,38,1945
København,Mænd,Gift/separeret,2018,39,1904
København,Mænd,Gift/separeret,2018,40,1967
København,Mænd,Gift/separeret,2019,30,1254
København,Mænd,Gift/separeret,2019,31,1534
København,Mænd,Gift/separeret,2019,32,1645
København,Mænd,Gift/separeret,2019,33,1753
København,Mænd,Gift/separeret,2019,34,1789
København,Mænd,Gift/separeret,2019,35,1908
København,Mænd,Gift/separeret,2019,36,1976
København,Mænd,Gift/separeret,2019,37,1818
København,Mænd,Gift/separeret,2019,38,1866
København,Mænd,Gift/separeret,2019,39,1947
København,Mænd,Gift/separeret,2019,40,1927
København,Mænd,Gift/separeret,2020,30,1212
København,Mænd,Gift/separeret,2020,31,1408
København,Mænd,Gift/separeret,2020,32,1658
København,Mænd,Gift/separeret,2020,33,1679
København,Mænd,Gift/separeret,2020,34,1778
København,Mænd,Gift/separeret,2020,35,1769
København,Mænd,Gift/separeret,2020,36,1859
København,Mænd,Gift/separeret,2020,37,1990
København,Mænd,Gift/separeret,2020,38,1779
København,Mænd,Gift/separeret,2020,39,1832
København,Mænd,Gift/separeret,2020,40,1921
København,Mænd,Enke/enkemand,2016,30,1
København,Mænd,Enke/enkemand,2016,31,1
København,Mænd,Enke/enkemand,2016,32,1
København,Mænd,Enke/enkemand,2016,33,1
København,Mænd,Enke/enkemand,2016,34,0
København,Mænd,Enke/enkemand,2016,35,2
København,Mænd,Enke/enkemand,2016,36,5
København,Mænd,Enke/enkemand,2016,37,1
København,Mænd,Enke/enkemand,2016,38,7
København,Mænd,Enke/enkemand,2016,39,10
København,Mænd,Enke/enkemand,2016,40,7
København,Mænd,Enke/enkemand,2017,30,0
København,Mænd,Enke/enkemand,2017,31,1
København,Mænd,Enke/enkemand,2017,32,0
København,Mænd,Enke/enkemand,2017,33,1
København,Mænd,Enke/enkemand,2017,34,2
København,Mænd,Enke/enkemand,2017,35,1
København,Mænd,Enke/enkemand,2017,36,2
København,Mænd,Enke/enkemand,2017,37,5
København,Mænd,Enke/enkemand,2017,38,2
København,Mænd,Enke/enkemand,2017,39,7
København,Mænd,Enke/enkemand,2017,40,10
København,Mænd,Enke/enkemand,2018,30,0
København,Mænd,Enke/enkemand,2018,31,0
København,Mænd,Enke/enkemand,2018,32,0
København,Mænd,Enke/enkemand,2018,33,1
København,Mænd,Enke/enkemand,2018,34,1
København,Mænd,Enke/enkemand,2018,35,1
København,Mænd,Enke/enkemand,2018,36,2
København,Mænd,Enke/enkemand,2018,37,3
København,Mænd,Enke/enkemand,2018,38,7
København,Mænd,Enke/enkemand,2018,39,2
København,Mænd,Enke/enkemand,2018,40,7
København,Mænd,Enke/enkemand,2019,30,2
København,Mænd,Enke/enkemand,2019,31,0
København,Mænd,Enke/enkemand,2019,32,1
København,Mænd,Enke/enkemand,2019,33,1
København,Mænd,Enke/enkemand,2019,34,1
København,Mænd,Enke/enkemand,2019,35,1
København,Mænd,Enke/enkemand,2019,36,2
København,Mænd,Enke/enkemand,2019,37,1
København,Mænd,Enke/enkemand,2019,38,5
København,Mænd,Enke/enkemand,2019,39,7
København,Mænd,Enke/enkemand,2019,40,2
København,Mænd,Enke/enkemand,2020,30,0
København,Mænd,Enke/enkemand,2020,31,4
København,Mænd,Enke/enkemand,2020,32,0
København,Mænd,Enke/enkemand,2020,33,2
København,Mænd,Enke/enkemand,2020,34,1
København,Mænd,Enke/enkemand,2020,35,2
København,Mænd,Enke/enkemand,2020,36,1
København,Mænd,Enke/enkemand,2020,37,2
København,Mænd,Enke/enkemand,2020,38,1
København,Mænd,Enke/enkemand,2020,39,5
København,Mænd,Enke/enkemand,2020,40,7
København,Mænd,Fraskilt,2016,30,91
København,Mænd,Fraskilt,2016,31,129
København,Mænd,Fraskilt,2016,32,148
København,Mænd,Fraskilt,2016,33,155
København,Mænd,Fraskilt,2016,34,207
København,Mænd,Fraskilt,2016,35,228
København,Mænd,Fraskilt,2016,36,257
København,Mænd,Fraskilt,2016,37,337
København,Mænd,Fraskilt,2016,38,316
København,Mænd,Fraskilt,2016,39,363
København,Mænd,Fraskilt,2016,40,439
København,Mænd,Fraskilt,2017,30,94
København,Mænd,Fraskilt,2017,31,121
København,Mænd,Fraskilt,2017,32,150
København,Mænd,Fraskilt,2017,33,169
København,Mænd,Fraskilt,2017,34,177
København,Mænd,Fraskilt,2017,35,233
København,Mænd,Fraskilt,2017,36,250
København,Mænd,Fraskilt,2017,37,277
København,Mænd,Fraskilt,2017,38,349
København,Mænd,Fraskilt,2017,39,335
København,Mænd,Fraskilt,2017,40,378
København,Mænd,Fraskilt,2018,30,92
København,Mænd,Fraskilt,2018,31,108
København,Mænd,Fraskilt,2018,32,145
København,Mænd,Fraskilt,2018,33,175
København,Mænd,Fraskilt,2018,34,181
København,Mænd,Fraskilt,2018,35,208
København,Mænd,Fraskilt,2018,36,255
København,Mænd,Fraskilt,2018,37,261
København,Mænd,Fraskilt,2018,38,294
København,Mænd,Fraskilt,2018,39,360
København,Mænd,Fraskilt,2018,40,355
København,Mænd,Fraskilt,2019,30,95
København,Mænd,Fraskilt,2019,31,113
København,Mænd,Fraskilt,2019,32,123
København,Mænd,Fraskilt,2019,33,172
København,Mænd,Fraskilt,2019,34,176
København,Mænd,Fraskilt,2019,35,207
København,Mænd,Fraskilt,2019,36,216
København,Mænd,Fraskilt,2019,37,260
København,Mænd,Fraskilt,2019,38,270
København,Mænd,Fraskilt,2019,39,311
København,Mænd,Fraskilt,2019,40,368
København,Mænd,Fraskilt,2020,30,71
København,Mænd,Fraskilt,2020,31,111
København,Mænd,Fraskilt,2020,32,138
København,Mænd,Fraskilt,2020,33,155
København,Mænd,Fraskilt,2020,34,177
København,Mænd,Fraskilt,2020,35,188
København,Mænd,Fraskilt,2020,36,233
København,Mænd,Fraskilt,2020,37,235
København,Mænd,Fraskilt,2020,38,280
København,Mænd,Fraskilt,2020,39,278
København,Mænd,Fraskilt,2020,40,326
København,Kvinder,Ugift,2016,30,5335
København,Kvinder,Ugift,2016,31,4770
København,Kvinder,Ugift,2016,32,3922
København,Kvinder,Ugift,2016,33,3513
København,Kvinder,Ugift,2016,34,3069
København,Kvinder,Ugift,2016,35,2707
København,Kvinder,Ugift,2016,36,2594
København,Kvinder,Ugift,2016,37,2304
København,Kvinder,Ugift,2016,38,2110
København,Kvinder,Ugift,2016,39,1803
København,Kvinder,Ugift,2016,40,1734
København,Kvinder,Ugift,2017,30,5553
København,Kvinder,Ugift,2017,31,4817
København,Kvinder,Ugift,2017,32,4284
København,Kvinder,Ugift,2017,33,3539
København,Kvinder,Ugift,2017,34,3180
København,Kvinder,Ugift,2017,35,2814
København,Kvinder,Ugift,2017,36,2475
København,Kvinder,Ugift,2017,37,2371
København,Kvinder,Ugift,2017,38,2122
København,Kvinder,Ugift,2017,39,1971
København,Kvinder,Ugift,2017,40,1690
København,Kvinder,Ugift,2018,30,5840
København,Kvinder,Ugift,2018,31,5021
København,Kvinder,Ugift,2018,32,4331
København,Kvinder,Ugift,2018,33,3867
København,Kvinder,Ugift,2018,34,3217
København,Kvinder,Ugift,2018,35,2884
København,Kvinder,Ugift,2018,36,2558
København,Kvinder,Ugift,2018,37,2309
København,Kvinder,Ugift,2018,38,2164
København,Kvinder,Ugift,2018,39,1998
København,Kvinder,Ugift,2018,40,1832
København,Kvinder,Ugift,2019,30,6280
København,Kvinder,Ugift,2019,31,5259
København,Kvinder,Ugift,2019,32,4572
København,Kvinder,Ugift,2019,33,4009
København,Kvinder,Ugift,2019,34,3474
København,Kvinder,Ugift,2019,35,2904
København,Kvinder,Ugift,2019,36,2613
København,Kvinder,Ugift,2019,37,2349
København,Kvinder,Ugift,2019,38,2129
København,Kvinder,Ugift,2019,39,2018
København,Kvinder,Ugift,2019,40,1876
København,Kvinder,Ugift,2020,30,6442
København,Kvinder,Ugift,2020,31,5684
København,Kvinder,Ugift,2020,32,4725
København,Kvinder,Ugift,2020,33,4090
København,Kvinder,Ugift,2020,34,3586
København,Kvinder,Ugift,2020,35,3119
København,Kvinder,Ugift,2020,36,2629
København,Kvinder,Ugift,2020,37,2420
København,Kvinder,Ugift,2020,38,2179
København,Kvinder,Ugift,2020,39,1967
København,Kvinder,Ugift,2020,40,1892
København,Kvinder,Gift/separeret,2016,30,1663
København,Kvinder,Gift/separeret,2016,31,1836
København,Kvinder,Gift/separeret,2016,32,1879
København,Kvinder,Gift/separeret,2016,33,1835
København,Kvinder,Gift/separeret,2016,34,1889
København,Kvinder,Gift/separeret,2016,35,2020
København,Kvinder,Gift/separeret,2016,36,1969
København,Kvinder,Gift/separeret,2016,37,2020
København,Kvinder,Gift/separeret,2016,38,2023
København,Kvinder,Gift/separeret,2016,39,1959
København,Kvinder,Gift/separeret,2016,40,1956
København,Kvinder,Gift/separeret,2017,30,1783
København,Kvinder,Gift/separeret,2017,31,1813
København,Kvinder,Gift/separeret,2017,32,1967
København,Kvinder,Gift/separeret,2017,33,1934
København,Kvinder,Gift/separeret,2017,34,1892
København,Kvinder,Gift/separeret,2017,35,1902
København,Kvinder,Gift/separeret,2017,36,2006
København,Kvinder,Gift/separeret,2017,37,2001
København,Kvinder,Gift/separeret,2017,38,1987
København,Kvinder,Gift/separeret,2017,39,1979
København,Kvinder,Gift/separeret,2017,40,1937
København,Kvinder,Gift/separeret,2018,30,1789
København,Kvinder,Gift/separeret,2018,31,1948
København,Kvinder,Gift/separeret,2018,32,1940
København,Kvinder,Gift/separeret,2018,33,2001
København,Kvinder,Gift/separeret,2018,34,2024
København,Kvinder,Gift/separeret,2018,35,1887
København,Kvinder,Gift/separeret,2018,36,1896
København,Kvinder,Gift/separeret,2018,37,1993
København,Kvinder,Gift/separeret,2018,38,2003
København,Kvinder,Gift/separeret,2018,39,1955
København,Kvinder,Gift/separeret,2018,40,1960
København,Kvinder,Gift/separeret,2019,30,1822
København,Kvinder,Gift/separeret,2019,31,1974
København,Kvinder,Gift/separeret,2019,32,2018
København,Kvinder,Gift/separeret,2019,33,2017
København,Kvinder,Gift/separeret,2019,34,2038
København,Kvinder,Gift/separeret,2019,35,2030
København,Kvinder,Gift/separeret,2019,36,1880
København,Kvinder,Gift/separeret,2019,37,1883
København,Kvinder,Gift/separeret,2019,38,2005
København,Kvinder,Gift/separeret,2019,39,1980
København,Kvinder,Gift/separeret,2019,40,1924
København,Kvinder,Gift/separeret,2020,30,1654
København,Kvinder,Gift/separeret,2020,31,1911
København,Kvinder,Gift/separeret,2020,32,2031
København,Kvinder,Gift/separeret,2020,33,1998
København,Kvinder,Gift/separeret,2020,34,2010
København,Kvinder,Gift/separeret,2020,35,2022
København,Kvinder,Gift/separeret,2020,36,1990
København,Kvinder,Gift/separeret,2020,37,1816
København,Kvinder,Gift/separeret,2020,38,1827
København,Kvinder,Gift/separeret,2020,39,1960
København,Kvinder,Gift/separeret,2020,40,1952
København,Kvinder,Enke/enkemand,2016,30,2
København,Kvinder,Enke/enkemand,2016,31,3
København,Kvinder,Enke/enkemand,2016,32,9
København,Kvinder,Enke/enkemand,2016,33,9
København,Kvinder,Enke/enkemand,2016,34,7
København,Kvinder,Enke/enkemand,2016,35,6
København,Kvinder,Enke/enkemand,2016,36,15
København,Kvinder,Enke/enkemand,2016,37,10
København,Kvinder,Enke/enkemand,2016,38,10
København,Kvinder,Enke/enkemand,2016,39,10
København,Kvinder,Enke/enkemand,2016,40,20
København,Kvinder,Enke/enkemand,2017,30,2
København,Kvinder,Enke/enkemand,2017,31,3
København,Kvinder,Enke/enkemand,2017,32,2
København,Kvinder,Enke/enkemand,2017,33,9
København,Kvinder,Enke/enkemand,2017,34,7
København,Kvinder,Enke/enkemand,2017,35,6
København,Kvinder,Enke/enkemand,2017,36,6
København,Kvinder,Enke/enkemand,2017,37,12
København,Kvinder,Enke/enkemand,2017,38,15
København,Kvinder,Enke/enkemand,2017,39,10
København,Kvinder,Enke/enkemand,2017,40,11
København,Kvinder,Enke/enkemand,2018,30,6
København,Kvinder,Enke/enkemand,2018,31,2
København,Kvinder,Enke/enkemand,2018,32,1
København,Kvinder,Enke/enkemand,2018,33,2
København,Kvinder,Enke/enkemand,2018,34,7
København,Kvinder,Enke/enkemand,2018,35,7
København,Kvinder,Enke/enkemand,2018,36,7
København,Kvinder,Enke/enkemand,2018,37,8
København,Kvinder,Enke/enkemand,2018,38,12
København,Kvinder,Enke/enkemand,2018,39,19
København,Kvinder,Enke/enkemand,2018,40,12
København,Kvinder,Enke/enkemand,2019,30,3
København,Kvinder,Enke/enkemand,2019,31,3
København,Kvinder,Enke/enkemand,2019,32,1
København,Kvinder,Enke/enkemand,2019,33,1
København,Kvinder,Enke/enkemand,2019,34,5
København,Kvinder,Enke/enkemand,2019,35,9
København,Kvinder,Enke/enkemand,2019,36,8
København,Kvinder,Enke/enkemand,2019,37,11
København,Kvinder,Enke/enkemand,2019,38,10
København,Kvinder,Enke/enkemand,2019,39,11
København,Kvinder,Enke/enkemand,2019,40,19
København,Kvinder,Enke/enkemand,2020,30,3
København,Kvinder,Enke/enkemand,2020,31,5
København,Kvinder,Enke/enkemand,2020,32,4
København,Kvinder,Enke/enkemand,2020,33,2
København,Kvinder,Enke/enkemand,2020,34,2
København,Kvinder,Enke/enkemand,2020,35,4
København,Kvinder,Enke/enkemand,2020,36,9
København,Kvinder,Enke/enkemand,2020,37,7
København,Kvinder,Enke/enkemand,2020,38,12
København,Kvinder,Enke/enkemand,2020,39,10
København,Kvinder,Enke/enkemand,2020,40,12
København,Kvinder,Fraskilt,2016,30,173
København,Kvinder,Fraskilt,2016,31,233
København,Kvinder,Fraskilt,2016,32,227
København,Kvinder,Fraskilt,2016,33,252
København,Kvinder,Fraskilt,2016,34,297
København,Kvinder,Fraskilt,2016,35,345
København,Kvinder,Fraskilt,2016,36,426
København,Kvinder,Fraskilt,2016,37,437
København,Kvinder,Fraskilt,2016,38,454
København,Kvinder,Fraskilt,2016,39,482
København,Kvinder,Fraskilt,2016,40,584
København,Kvinder,Fraskilt,2017,30,179
København,Kvinder,Fraskilt,2017,31,183
København,Kvinder,Fraskilt,2017,32,249
København,Kvinder,Fraskilt,2017,33,261
København,Kvinder,Fraskilt,2017,34,263
København,Kvinder,Fraskilt,2017,35,330
København,Kvinder,Fraskilt,2017,36,360
København,Kvinder,Fraskilt,2017,37,434
København,Kvinder,Fraskilt,2017,38,462
København,Kvinder,Fraskilt,2017,39,496
København,Kvinder,Fraskilt,2017,40,497
København,Kvinder,Fraskilt,2018,30,184
København,Kvinder,Fraskilt,2018,31,199
København,Kvinder,Fraskilt,2018,32,222
København,Kvinder,Fraskilt,2018,33,252
København,Kvinder,Fraskilt,2018,34,290
København,Kvinder,Fraskilt,2018,35,293
København,Kvinder,Fraskilt,2018,36,351
København,Kvinder,Fraskilt,2018,37,383
København,Kvinder,Fraskilt,2018,38,456
København,Kvinder,Fraskilt,2018,39,487
København,Kvinder,Fraskilt,2018,40,519
København,Kvinder,Fraskilt,2019,30,152
København,Kvinder,Fraskilt,2019,31,197
København,Kvinder,Fraskilt,2019,32,234
København,Kvinder,Fraskilt,2019,33,233
København,Kvinder,Fraskilt,2019,34,274
København,Kvinder,Fraskilt,2019,35,308
København,Kvinder,Fraskilt,2019,36,320
København,Kvinder,Fraskilt,2019,37,365
København,Kvinder,Fraskilt,2019,38,397
København,Kvinder,Fraskilt,2019,39,479
København,Kvinder,Fraskilt,2019,40,508
København,Kvinder,Fraskilt,2020,30,130
København,Kvinder,Fraskilt,2020,31,192
København,Kvinder,Fraskilt,2020,32,226
København,Kvinder,Fraskilt,2020,33,262
København,Kvinder,Fraskilt,2020,34,247
København,Kvinder,Fraskilt,2020,35,300
København,Kvinder,Fraskilt,2020,36,329
København,Kvinder,Fraskilt,2020,37,345
København,Kvinder,Fraskilt,2020,38,377
København,Kvinder,Fraskilt,2020,39,435
København,Kvinder,Fraskilt,2020,40,503
Aalborg,Mænd,Ugift,2016,30,1235
Aalborg,Mænd,Ugift,2016,31,1087
Aalborg,Mænd,Ugift,2016,32,904
Aalborg,Mænd,Ugift,2016,33,788
Aalborg,Mænd,Ugift,2016,34,794
Aalborg,Mænd,Ugift,2016,35,651
Aalborg,Mænd,Ugift,2016,36,657
Aalborg,Mænd,Ugift,2016,37,589
Aalborg,Mænd,Ugift,2016,38,563
Aalborg,Mænd,Ugift,2016,39,510
Aalborg,Mænd,Ugift,2016,40,519
Aalborg,Mænd,Ugift,2017,30,1208
Aalborg,Mænd,Ugift,2017,31,1115
Aalborg,Mænd,Ugift,2017,32,979
Aalborg,Mænd,Ugift,2017,33,839
Aalborg,Mænd,Ugift,2017,34,723
Aalborg,Mænd,Ugift,2017,35,736
Aalborg,Mænd,Ugift,2017,36,607
Aalborg,Mænd,Ugift,2017,37,616
Aalborg,Mænd,Ugift,2017,38,549
Aalborg,Mænd,Ugift,2017,39,532
Aalborg,Mænd,Ugift,2017,40,487
Aalborg,Mænd,Ugift,2018,30,1259
Aalborg,Mænd,Ugift,2018,31,1117
Aalborg,Mænd,Ugift,2018,32,1007
Aalborg,Mænd,Ugift,2018,33,866
Aalborg,Mænd,Ugift,2018,34,773
Aalborg,Mænd,Ugift,2018,35,666
Aalborg,Mænd,Ugift,2018,36,691
Aalborg,Mænd,Ugift,2018,37,568
Aalborg,Mænd,Ugift,2018,38,575
Aalborg,Mænd,Ugift,2018,39,523
Aalborg,Mænd,Ugift,2018,40,516
Aalborg,Mænd,Ugift,2019,30,1278
Aalborg,Mænd,Ugift,2019,31,1163
Aalborg,Mænd,Ugift,2019,32,1027
Aalborg,Mænd,Ugift,2019,33,932
Aalborg,Mænd,Ugift,2019,34,827
Aalborg,Mænd,Ugift,2019,35,717
Aalborg,Mænd,Ugift,2019,36,638
Aalborg,Mænd,Ugift,2019,37,653
Aalborg,Mænd,Ugift,2019,38,541
Aalborg,Mænd,Ugift,2019,39,525
Aalborg,Mænd,Ugift,2019,40,493
Aalborg,Mænd,Ugift,2020,30,1426
Aalborg,Mænd,Ugift,2020,31,1181
Aalborg,Mænd,Ugift,2020,32,1099
Aalborg,Mænd,Ugift,2020,33,931
Aalborg,Mænd,Ugift,2020,34,864
Aalborg,Mænd,Ugift,2020,35,750
Aalborg,Mænd,Ugift,2020,36,673
Aalborg,Mænd,Ugift,2020,37,611
Aalborg,Mænd,Ugift,2020,38,631
Aalborg,Mænd,Ugift,2020,39,518
Aalborg,Mænd,Ugift,2020,40,501
Aalborg,Mænd,Gift/separeret,2016,30,323
Aalborg,Mænd,Gift/separeret,2016,31,361
Aalborg,Mænd,Gift/separeret,2016,32,439
Aalborg,Mænd,Gift/separeret,2016,33,417
Aalborg,Mænd,Gift/separeret,2016,34,518
Aalborg,Mænd,Gift/separeret,2016,35,515
Aalborg,Mænd,Gift/separeret,2016,36,563
Aalborg,Mænd,Gift/separeret,2016,37,626
Aalborg,Mænd,Gift/separeret,2016,38,633
Aalborg,Mænd,Gift/separeret,2016,39,662
Aalborg,Mænd,Gift/separeret,2016,40,643
Aalborg,Mænd,Gift/separeret,2017,30,378
Aalborg,Mænd,Gift/separeret,2017,31,393
Aalborg,Mænd,Gift/separeret,2017,32,413
Aalborg,Mænd,Gift/separeret,2017,33,474
Aalborg,Mænd,Gift/separeret,2017,34,431
Aalborg,Mænd,Gift/separeret,2017,35,550
Aalborg,Mænd,Gift/separeret,2017,36,534
Aalborg,Mænd,Gift/separeret,2017,37,581
Aalborg,Mænd,Gift/separeret,2017,38,617
Aalborg,Mænd,Gift/separeret,2017,39,631
Aalborg,Mænd,Gift/separeret,2017,40,665
Aalborg,Mænd,Gift/separeret,2018,30,320
Aalborg,Mænd,Gift/separeret,2018,31,415
Aalborg,Mænd,Gift/separeret,2018,32,444
Aalborg,Mænd,Gift/separeret,2018,33,460
Aalborg,Mænd,Gift/separeret,2018,34,518
Aalborg,Mænd,Gift/separeret,2018,35,460
Aalborg,Mænd,Gift/separeret,2018,36,574
Aalborg,Mænd,Gift/separeret,2018,37,549
Aalborg,Mænd,Gift/separeret,2018,38,612
Aalborg,Mænd,Gift/separeret,2018,39,641
Aalborg,Mænd,Gift/separeret,2018,40,634
Aalborg,Mænd,Gift/separeret,2019,30,327
Aalborg,Mænd,Gift/separeret,2019,31,366
Aalborg,Mænd,Gift/separeret,2019,32,458
Aalborg,Mænd,Gift/separeret,2019,33,466
Aalborg,Mænd,Gift/separeret,2019,34,487
Aalborg,Mænd,Gift/separeret,2019,35,543
Aalborg,Mænd,Gift/separeret,2019,36,479
Aalborg,Mænd,Gift/separeret,2019,37,584
Aalborg,Mænd,Gift/separeret,2019,38,556
Aalborg,Mænd,Gift/separeret,2019,39,628
Aalborg,Mænd,Gift/separeret,2019,40,644
Aalborg,Mænd,Gift/separeret,2020,30,306
Aalborg,Mænd,Gift/separeret,2020,31,346
Aalborg,Mænd,Gift/separeret,2020,32,387
Aalborg,Mænd,Gift/separeret,2020,33,504
Aalborg,Mænd,Gift/separeret,2020,34,502
Aalborg,Mænd,Gift/separeret,2020,35,527
Aalborg,Mænd,Gift/separeret,2020,36,554
Aalborg,Mænd,Gift/separeret,2020,37,485
Aalborg,Mænd,Gift/separeret,2020,38,571
Aalborg,Mænd,Gift/separeret,2020,39,582
Aalborg,Mænd,Gift/separeret,2020,40,637
Aalborg,Mænd,Enke/enkemand,2016,30,0
Aalborg,Mænd,Enke/enkemand,2016,31,1
Aalborg,Mænd,Enke/enkemand,2016,32,0
Aalborg,Mænd,Enke/enkemand,2016,33,0
Aalborg,Mænd,Enke/enkemand,2016,34,1
Aalborg,Mænd,Enke/enkemand,2016,35,1
Aalborg,Mænd,Enke/enkemand,2016,36,1
Aalborg,Mænd,Enke/enkemand,2016,37,0
Aalborg,Mænd,Enke/enkemand,2016,38,1
Aalborg,Mænd,Enke/enkemand,2016,39,1
Aalborg,Mænd,Enke/enkemand,2016,40,2
Aalborg,Mænd,Enke/enkemand,2017,30,1
Aalborg,Mænd,Enke/enkemand,2017,31,0
Aalborg,Mænd,Enke/enkemand,2017,32,1
Aalborg,Mænd,Enke/enkemand,2017,33,0
Aalborg,Mænd,Enke/enkemand,2017,34,1
Aalborg,Mænd,Enke/enkemand,2017,35,1
Aalborg,Mænd,Enke/enkemand,2017,36,1
Aalborg,Mænd,Enke/enkemand,2017,37,0
Aalborg,Mænd,Enke/enkemand,2017,38,0
Aalborg,Mænd,Enke/enkemand,2017,39,2
Aalborg,Mænd,Enke/enkemand,2017,40,1
Aalborg,Mænd,Enke/enkemand,2018,30,0
Aalborg,Mænd,Enke/enkemand,2018,31,1
Aalborg,Mænd,Enke/enkemand,2018,32,0
Aalborg,Mænd,Enke/enkemand,2018,33,1
Aalborg,Mænd,Enke/enkemand,2018,34,0
Aalborg,Mænd,Enke/enkemand,2018,35,1
Aalborg,Mænd,Enke/enkemand,2018,36,1
Aalborg,Mænd,Enke/enkemand,2018,37,1
Aalborg,Mænd,Enke/enkemand,2018,38,1
Aalborg,Mænd,Enke/enkemand,2018,39,0
Aalborg,Mænd,Enke/enkemand,2018,40,1
Aalborg,Mænd,Enke/enkemand,2019,30,1
Aalborg,Mænd,Enke/enkemand,2019,31,1
Aalborg,Mænd,Enke/enkemand,2019,32,1
Aalborg,Mænd,Enke/enkemand,2019,33,0
Aalborg,Mænd,Enke/enkemand,2019,34,0
Aalborg,Mænd,Enke/enkemand,2019,35,0
Aalborg,Mænd,Enke/enkemand,2019,36,1
Aalborg,Mænd,Enke/enkemand,2019,37,2
Aalborg,Mænd,Enke/enkemand,2019,38,1
Aalborg,Mænd,Enke/enkemand,2019,39,0
Aalborg,Mænd,Enke/enkemand,2019,40,1
Aalborg,Mænd,Enke/enkemand,2020,30,1
Aalborg,Mænd,Enke/enkemand,2020,31,1
Aalborg,Mænd,Enke/enkemand,2020,32,2
Aalborg,Mænd,Enke/enkemand,2020,33,0
Aalborg,Mænd,Enke/enkemand,2020,34,0
Aalborg,Mænd,Enke/enkemand,2020,35,0
Aalborg,Mænd,Enke/enkemand,2020,36,0
Aalborg,Mænd,Enke/enkemand,2020,37,1
Aalborg,Mænd,Enke/enkemand,2020,38,3
Aalborg,Mænd,Enke/enkemand,2020,39,1
Aalborg,Mænd,Enke/enkemand,2020,40,0
Aalborg,Mænd,Fraskilt,2016,30,22
Aalborg,Mænd,Fraskilt,2016,31,43
Aalborg,Mænd,Fraskilt,2016,32,35
Aalborg,Mænd,Fraskilt,2016,33,35
Aalborg,Mænd,Fraskilt,2016,34,57
Aalborg,Mænd,Fraskilt,2016,35,66
Aalborg,Mænd,Fraskilt,2016,36,77
Aalborg,Mænd,Fraskilt,2016,37,85
Aalborg,Mænd,Fraskilt,2016,38,80
Aalborg,Mænd,Fraskilt,2016,39,109
Aalborg,Mænd,Fraskilt,2016,40,133
Aalborg,Mænd,Fraskilt,2017,30,30
Aalborg,Mænd,Fraskilt,2017,31,23
Aalborg,Mænd,Fraskilt,2017,32,44
Aalborg,Mænd,Fraskilt,2017,33,51
Aalborg,Mænd,Fraskilt,2017,34,49
Aalborg,Mænd,Fraskilt,2017,35,58
Aalborg,Mænd,Fraskilt,2017,36,75
Aalborg,Mænd,Fraskilt,2017,37,87
Aalborg,Mænd,Fraskilt,2017,38,101
Aalborg,Mænd,Fraskilt,2017,39,89
Aalborg,Mænd,Fraskilt,2017,40,122
Aalborg,Mænd,Fraskilt,2018,30,18
Aalborg,Mænd,Fraskilt,2018,31,31
Aalborg,Mænd,Fraskilt,2018,32,33
Aalborg,Mænd,Fraskilt,2018,33,54
Aalborg,Mænd,Fraskilt,2018,34,50
Aalborg,Mænd,Fraskilt,2018,35,55
Aalborg,Mænd,Fraskilt,2018,36,63
Aalborg,Mænd,Fraskilt,2018,37,88
Aalborg,Mænd,Fraskilt,2018,38,90
Aalborg,Mænd,Fraskilt,2018,39,109
Aalborg,Mænd,Fraskilt,2018,40,111
Aalborg,Mænd,Fraskilt,2019,30,25
Aalborg,Mænd,Fraskilt,2019,31,24
Aalborg,Mænd,Fraskilt,2019,32,39
Aalborg,Mænd,Fraskilt,2019,33,44
Aalborg,Mænd,Fraskilt,2019,34,60
Aalborg,Mænd,Fraskilt,2019,35,56
Aalborg,Mænd,Fraskilt,2019,36,54
Aalborg,Mænd,Fraskilt,2019,37,65
Aalborg,Mænd,Fraskilt,2019,38,90
Aalborg,Mænd,Fraskilt,2019,39,95
Aalborg,Mænd,Fraskilt,2019,40,110
Aalborg,Mænd,Fraskilt,2020,30,22
Aalborg,Mænd,Fraskilt,2020,31,33
Aalborg,Mænd,Fraskilt,2020,32,27
Aalborg,Mænd,Fraskilt,2020,33,47
Aalborg,Mænd,Fraskilt,2020,34,47
Aalborg,Mænd,Fraskilt,2020,35,55
Aalborg,Mænd,Fraskilt,2020,36,63
Aalborg,Mænd,Fraskilt,2020,37,62
Aalborg,Mænd,Fraskilt,2020,38,83
Aalborg,Mænd,Fraskilt,2020,39,85
Aalborg,Mænd,Fraskilt,2020,40,101
Aalborg,Kvinder,Ugift,2016,30,816
Aalborg,Kvinder,Ugift,2016,31,668
Aalborg,Kvinder,Ugift,2016,32,625
Aalborg,Kvinder,Ugift,2016,33,529
Aalborg,Kvinder,Ugift,2016,34,507
Aalborg,Kvinder,Ugift,2016,35,476
Aalborg,Kvinder,Ugift,2016,36,465
Aalborg,Kvinder,Ugift,2016,37,425
Aalborg,Kvinder,Ugift,2016,38,406
Aalborg,Kvinder,Ugift,2016,39,344
Aalborg,Kvinder,Ugift,2016,40,337
Aalborg,Kvinder,Ugift,2017,30,835
Aalborg,Kvinder,Ugift,2017,31,737
Aalborg,Kvinder,Ugift,2017,32,602
Aalborg,Kvinder,Ugift,2017,33,560
Aalborg,Kvinder,Ugift,2017,34,501
Aalborg,Kvinder,Ugift,2017,35,465
Aalborg,Kvinder,Ugift,2017,36,452
Aalborg,Kvinder,Ugift,2017,37,449
Aalborg,Kvinder,Ugift,2017,38,424
Aalborg,Kvinder,Ugift,2017,39,388
Aalborg,Kvinder,Ugift,2017,40,336
Aalborg,Kvinder,Ugift,2018,30,878
Aalborg,Kvinder,Ugift,2018,31,745
Aalborg,Kvinder,Ugift,2018,32,666
Aalborg,Kvinder,Ugift,2018,33,567
Aalborg,Kvinder,Ugift,2018,34,520
Aalborg,Kvinder,Ugift,2018,35,482
Aalborg,Kvinder,Ugift,2018,36,453
Aalborg,Kvinder,Ugift,2018,37,421
Aalborg,Kvinder,Ugift,2018,38,432
Aalborg,Kvinder,Ugift,2018,39,401
Aalborg,Kvinder,Ugift,2018,40,376
Aalborg,Kvinder,Ugift,2019,30,971
Aalborg,Kvinder,Ugift,2019,31,828
Aalborg,Kvinder,Ugift,2019,32,672
Aalborg,Kvinder,Ugift,2019,33,611
Aalborg,Kvinder,Ugift,2019,34,529
Aalborg,Kvinder,Ugift,2019,35,484
Aalborg,Kvinder,Ugift,2019,36,442
Aalborg,Kvinder,Ugift,2019,37,430
Aalborg,Kvinder,Ugift,2019,38,409
Aalborg,Kvinder,Ugift,2019,39,405
Aalborg,Kvinder,Ugift,2019,40,386
Aalborg,Kvinder,Ugift,2020,30,979
Aalborg,Kvinder,Ugift,2020,31,909
Aalborg,Kvinder,Ugift,2020,32,770
Aalborg,Kvinder,Ugift,2020,33,617
Aalborg,Kvinder,Ugift,2020,34,574
Aalborg,Kvinder,Ugift,2020,35,501
Aalborg,Kvinder,Ugift,2020,36,452
Aalborg,Kvinder,Ugift,2020,37,416
Aalborg,Kvinder,Ugift,2020,38,409
Aalborg,Kvinder,Ugift,2020,39,384
Aalborg,Kvinder,Ugift,2020,40,389
Aalborg,Kvinder,Gift/separeret,2016,30,441
Aalborg,Kvinder,Gift/separeret,2016,31,457
Aalborg,Kvinder,Gift/separeret,2016,32,500
Aalborg,Kvinder,Gift/separeret,2016,33,558
Aalborg,Kvinder,Gift/separeret,2016,34,526
Aalborg,Kvinder,Gift/separeret,2016,35,599
Aalborg,Kvinder,Gift/separeret,2016,36,632
Aalborg,Kvinder,Gift/separeret,2016,37,636
Aalborg,Kvinder,Gift/separeret,2016,38,700
Aalborg,Kvinder,Gift/separeret,2016,39,693
Aalborg,Kvinder,Gift/separeret,2016,40,738
Aalborg,Kvinder,Gift/separeret,2017,30,455
Aalborg,Kvinder,Gift/separeret,2017,31,464
Aalborg,Kvinder,Gift/separeret,2017,32,495
Aalborg,Kvinder,Gift/separeret,2017,33,531
Aalborg,Kvinder,Gift/separeret,2017,34,570
Aalborg,Kvinder,Gift/separeret,2017,35,548
Aalborg,Kvinder,Gift/separeret,2017,36,601
Aalborg,Kvinder,Gift/separeret,2017,37,641
Aalborg,Kvinder,Gift/separeret,2017,38,646
Aalborg,Kvinder,Gift/separeret,2017,39,714
Aalborg,Kvinder,Gift/separeret,2017,40,695
Aalborg,Kvinder,Gift/separeret,2018,30,451
Aalborg,Kvinder,Gift/separeret,2018,31,508
Aalborg,Kvinder,Gift/separeret,2018,32,499
Aalborg,Kvinder,Gift/separeret,2018,33,516
Aalborg,Kvinder,Gift/separeret,2018,34,547
Aalborg,Kvinder,Gift/separeret,2018,35,583
Aalborg,Kvinder,Gift/separeret,2018,36,552
Aalborg,Kvinder,Gift/separeret,2018,37,616
Aalborg,Kvinder,Gift/separeret,2018,38,648
Aalborg,Kvinder,Gift/separeret,2018,39,660
Aalborg,Kvinder,Gift/separeret,2018,40,716
Aalborg,Kvinder,Gift/separeret,2019,30,460
Aalborg,Kvinder,Gift/separeret,2019,31,504
Aalborg,Kvinder,Gift/separeret,2019,32,532
Aalborg,Kvinder,Gift/separeret,2019,33,517
Aalborg,Kvinder,Gift/separeret,2019,34,551
Aalborg,Kvinder,Gift/separeret,2019,35,557
Aalborg,Kvinder,Gift/separeret,2019,36,602
Aalborg,Kvinder,Gift/separeret,2019,37,563
Aalborg,Kvinder,Gift/separeret,2019,38,626
Aalborg,Kvinder,Gift/separeret,2019,39,654
Aalborg,Kvinder,Gift/separeret,2019,40,656
Aalborg,Kvinder,Gift/separeret,2020,30,479
Aalborg,Kvinder,Gift/separeret,2020,31,484
Aalborg,Kvinder,Gift/separeret,2020,32,528
Aalborg,Kvinder,Gift/separeret,2020,33,568
Aalborg,Kvinder,Gift/separeret,2020,34,540
Aalborg,Kvinder,Gift/separeret,2020,35,568
Aalborg,Kvinder,Gift/separeret,2020,36,555
Aalborg,Kvinder,Gift/separeret,2020,37,608
Aalborg,Kvinder,Gift/separeret,2020,38,582
Aalborg,Kvinder,Gift/separeret,2020,39,628
Aalborg,Kvinder,Gift/separeret,2020,40,656
Aalborg,Kvinder,Enke/enkemand,2016,30,2
Aalborg,Kvinder,Enke/enkemand,2016,31,0
Aalborg,Kvinder,Enke/enkemand,2016,32,1
Aalborg,Kvinder,Enke/enkemand,2016,33,0
Aalborg,Kvinder,Enke/enkemand,2016,34,6
Aalborg,Kvinder,Enke/enkemand,2016,35,0
Aalborg,Kvinder,Enke/enkemand,2016,36,1
Aalborg,Kvinder,Enke/enkemand,2016,37,3
Aalborg,Kvinder,Enke/enkemand,2016,38,1
Aalborg,Kvinder,Enke/enkemand,2016,39,1
Aalborg,Kvinder,Enke/enkemand,2016,40,7
Aalborg,Kvinder,Enke/enkemand,2017,30,1
Aalborg,Kvinder,Enke/enkemand,2017,31,4
Aalborg,Kvinder,Enke/enkemand,2017,32,0
Aalborg,Kvinder,Enke/enkemand,2017,33,0
Aalborg,Kvinder,Enke/enkemand,2017,34,0
Aalborg,Kvinder,Enke/enkemand,2017,35,7
Aalborg,Kvinder,Enke/enkemand,2017,36,0
Aalborg,Kvinder,Enke/enkemand,2017,37,1
Aalborg,Kvinder,Enke/enkemand,2017,38,3
Aalborg,Kvinder,Enke/enkemand,2017,39,1
Aalborg,Kvinder,Enke/enkemand,2017,40,2
Aalborg,Kvinder,Enke/enkemand,2018,30,0
Aalborg,Kvinder,Enke/enkemand,2018,31,2
Aalborg,Kvinder,Enke/enkemand,2018,32,7
Aalborg,Kvinder,Enke/enkemand,2018,33,0
Aalborg,Kvinder,Enke/enkemand,2018,34,0
Aalborg,Kvinder,Enke/enkemand,2018,35,0
Aalborg,Kvinder,Enke/enkemand,2018,36,5
Aalborg,Kvinder,Enke/enkemand,2018,37,0
Aalborg,Kvinder,Enke/enkemand,2018,38,1
Aalborg,Kvinder,Enke/enkemand,2018,39,4
Aalborg,Kvinder,Enke/enkemand,2018,40,2
Aalborg,Kvinder,Enke/enkemand,2019,30,0
Aalborg,Kvinder,Enke/enkemand,2019,31,0
Aalborg,Kvinder,Enke/enkemand,2019,32,2
Aalborg,Kvinder,Enke/enkemand,2019,33,6
Aalborg,Kvinder,Enke/enkemand,2019,34,1
Aalborg,Kvinder,Enke/enkemand,2019,35,0
Aalborg,Kvinder,Enke/enkemand,2019,36,0
Aalborg,Kvinder,Enke/enkemand,2019,37,5
Aalborg,Kvinder,Enke/enkemand,2019,38,0
Aalborg,Kvinder,Enke/enkemand,2019,39,1
Aalborg,Kvinder,Enke/enkemand,2019,40,6
Aalborg,Kvinder,Enke/enkemand,2020,30,1
Aalborg,Kvinder,Enke/enkemand,2020,31,1
Aalborg,Kvinder,Enke/enkemand,2020,32,0
Aalborg,Kvinder,Enke/enkemand,2020,33,2
Aalborg,Kvinder,Enke/enkemand,2020,34,5
Aalborg,Kvinder,Enke/enkemand,2020,35,1
Aalborg,Kvinder,Enke/enkemand,2020,36,0
Aalborg,Kvinder,Enke/enkemand,2020,37,0
Aalborg,Kvinder,Enke/enkemand,2020,38,6
Aalborg,Kvinder,Enke/enkemand,2020,39,1
Aalborg,Kvinder,Enke/enkemand,2020,40,3
Aalborg,Kvinder,Fraskilt,2016,30,40
Aalborg,Kvinder,Fraskilt,2016,31,51
Aalborg,Kvinder,Fraskilt,2016,32,75
Aalborg,Kvinder,Fraskilt,2016,33,66
Aalborg,Kvinder,Fraskilt,2016,34,107
Aalborg,Kvinder,Fraskilt,2016,35,86
Aalborg,Kvinder,Fraskilt,2016,36,112
Aalborg,Kvinder,Fraskilt,2016,37,128
Aalborg,Kvinder,Fraskilt,2016,38,146
Aalborg,Kvinder,Fraskilt,2016,39,174
Aalborg,Kvinder,Fraskilt,2016,40,188
Aalborg,Kvinder,Fraskilt,2017,30,51
Aalborg,Kvinder,Fraskilt,2017,31,48
Aalborg,Kvinder,Fraskilt,2017,32,63
Aalborg,Kvinder,Fraskilt,2017,33,79
Aalborg,Kvinder,Fraskilt,2017,34,78
Aalborg,Kvinder,Fraskilt,2017,35,106
Aalborg,Kvinder,Fraskilt,2017,36,96
Aalborg,Kvinder,Fraskilt,2017,37,117
Aalborg,Kvinder,Fraskilt,2017,38,136
Aalborg,Kvinder,Fraskilt,2017,39,153
Aalborg,Kvinder,Fraskilt,2017,40,187
Aalborg,Kvinder,Fraskilt,2018,30,45
Aalborg,Kvinder,Fraskilt,2018,31,52
Aalborg,Kvinder,Fraskilt,2018,32,53
Aalborg,Kvinder,Fraskilt,2018,33,72
Aalborg,Kvinder,Fraskilt,2018,34,82
Aalborg,Kvinder,Fraskilt,2018,35,92
Aalborg,Kvinder,Fraskilt,2018,36,117
Aalborg,Kvinder,Fraskilt,2018,37,102
Aalborg,Kvinder,Fraskilt,2018,38,133
Aalborg,Kvinder,Fraskilt,2018,39,150
Aalborg,Kvinder,Fraskilt,2018,40,163
Aalborg,Kvinder,Fraskilt,2019,30,33
Aalborg,Kvinder,Fraskilt,2019,31,52
Aalborg,Kvinder,Fraskilt,2019,32,64
Aalborg,Kvinder,Fraskilt,2019,33,57
Aalborg,Kvinder,Fraskilt,2019,34,66
Aalborg,Kvinder,Fraskilt,2019,35,86
Aalborg,Kvinder,Fraskilt,2019,36,92
Aalborg,Kvinder,Fraskilt,2019,37,120
Aalborg,Kvinder,Fraskilt,2019,38,107
Aalborg,Kvinder,Fraskilt,2019,39,143
Aalborg,Kvinder,Fraskilt,2019,40,169
Aalborg,Kvinder,Fraskilt,2020,30,51
Aalborg,Kvinder,Fraskilt,2020,31,43
Aalborg,Kvinder,Fraskilt,2020,32,55
Aalborg,Kvinder,Fraskilt,2020,33,68
Aalborg,Kvinder,Fraskilt,2020,34,63
Aalborg,Kvinder,Fraskilt,2020,35,72
Aalborg,Kvinder,Fraskilt,2020,36,85
Aalborg,Kvinder,Fraskilt,2020,37,107
Aalborg,Kvinder,Fraskilt,2020,38,126
Aalborg,Kvinder,Fraskilt,2020,39,122
Aalborg,Kvinder,Fraskilt,2020,40,155
Aarhus,Mænd,Ugift,2016,30,2252
Aarhus,Mænd,Ugift,2016,31,1900
Aarhus,Mænd,Ugift,2016,32,1632
Aarhus,Mænd,Ugift,2016,33,1415
Aarhus,Mænd,Ugift,2016,34,1303
Aarhus,Mænd,Ugift,2016,35,1159
Aarhus,Mænd,Ugift,2016,36,1057
Aarhus,Mænd,Ugift,2016,37,979
Aarhus,Mænd,Ugift,2016,38,895
Aarhus,Mænd,Ugift,2016,39,812
Aarhus,Mænd,Ugift,2016,40,735
Aarhus,Mænd,Ugift,2017,30,2372
Aarhus,Mænd,Ugift,2017,31,2029
Aarhus,Mænd,Ugift,2017,32,1688
Aarhus,Mænd,Ugift,2017,33,1455
Aarhus,Mænd,Ugift,2017,34,1264
Aarhus,Mænd,Ugift,2017,35,1189
Aarhus,Mænd,Ugift,2017,36,1057
Aarhus,Mænd,Ugift,2017,37,961
Aarhus,Mænd,Ugift,2017,38,907
Aarhus,Mænd,Ugift,2017,39,863
Aarhus,Mænd,Ugift,2017,40,764
Aarhus,Mænd,Ugift,2018,30,2403
Aarhus,Mænd,Ugift,2018,31,2080
Aarhus,Mænd,Ugift,2018,32,1794
Aarhus,Mænd,Ugift,2018,33,1517
Aarhus,Mænd,Ugift,2018,34,1340
Aarhus,Mænd,Ugift,2018,35,1157
Aarhus,Mænd,Ugift,2018,36,1069
Aarhus,Mænd,Ugift,2018,37,969
Aarhus,Mænd,Ugift,2018,38,888
Aarhus,Mænd,Ugift,2018,39,852
Aarhus,Mænd,Ugift,2018,40,812
Aarhus,Mænd,Ugift,2019,30,2538
Aarhus,Mænd,Ugift,2019,31,2196
Aarhus,Mænd,Ugift,2019,32,1861
Aarhus,Mænd,Ugift,2019,33,1625
Aarhus,Mænd,Ugift,2019,34,1398
Aarhus,Mænd,Ugift,2019,35,1197
Aarhus,Mænd,Ugift,2019,36,1055
Aarhus,Mænd,Ugift,2019,37,1006
Aarhus,Mænd,Ugift,2019,38,906
Aarhus,Mænd,Ugift,2019,39,842
Aarhus,Mænd,Ugift,2019,40,802
Aarhus,Mænd,Ugift,2020,30,2658
Aarhus,Mænd,Ugift,2020,31,2283
Aarhus,Mænd,Ugift,2020,32,1946
Aarhus,Mænd,Ugift,2020,33,1685
Aarhus,Mænd,Ugift,2020,34,1478
Aarhus,Mænd,Ugift,2020,35,1275
Aarhus,Mænd,Ugift,2020,36,1107
Aarhus,Mænd,Ugift,2020,37,975
Aarhus,Mænd,Ugift,2020,38,939
Aarhus,Mænd,Ugift,2020,39,843
Aarhus,Mænd,Ugift,2020,40,809
Aarhus,Mænd,Gift/separeret,2016,30,562
Aarhus,Mænd,Gift/separeret,2016,31,610
Aarhus,Mænd,Gift/separeret,2016,32,702
Aarhus,Mænd,Gift/separeret,2016,33,779
Aarhus,Mænd,Gift/separeret,2016,34,850
Aarhus,Mænd,Gift/separeret,2016,35,866
Aarhus,Mænd,Gift/separeret,2016,36,865
Aarhus,Mænd,Gift/separeret,2016,37,935
Aarhus,Mænd,Gift/separeret,2016,38,966
Aarhus,Mænd,Gift/separeret,2016,39,929
Aarhus,Mænd,Gift/separeret,2016,40,949
Aarhus,Mænd,Gift/separeret,2017,30,583
Aarhus,Mænd,Gift/separeret,2017,31,647
Aarhus,Mænd,Gift/separeret,2017,32,703
Aarhus,Mænd,Gift/separeret,2017,33,778
Aarhus,Mænd,Gift/separeret,2017,34,826
Aarhus,Mænd,Gift/separeret,2017,35,901
Aarhus,Mænd,Gift/separeret,2017,36,914
Aarhus,Mænd,Gift/separeret,2017,37,900
Aarhus,Mænd,Gift/separeret,2017,38,957
Aarhus,Mænd,Gift/separeret,2017,39,986
Aarhus,Mænd,Gift/separeret,2017,40,942
Aarhus,Mænd,Gift/separeret,2018,30,563
Aarhus,Mænd,Gift/separeret,2018,31,664
Aarhus,Mænd,Gift/separeret,2018,32,684
Aarhus,Mænd,Gift/separeret,2018,33,756
Aarhus,Mænd,Gift/separeret,2018,34,828
Aarhus,Mænd,Gift/separeret,2018,35,878
Aarhus,Mænd,Gift/separeret,2018,36,942
Aarhus,Mænd,Gift/separeret,2018,37,950
Aarhus,Mænd,Gift/separeret,2018,38,932
Aarhus,Mænd,Gift/separeret,2018,39,989
Aarhus,Mænd,Gift/separeret,2018,40,1001
Aarhus,Mænd,Gift/separeret,2019,30,653
Aarhus,Mænd,Gift/separeret,2019,31,620
Aarhus,Mænd,Gift/separeret,2019,32,744
Aarhus,Mænd,Gift/separeret,2019,33,755
Aarhus,Mænd,Gift/separeret,2019,34,786
Aarhus,Mænd,Gift/separeret,2019,35,877
Aarhus,Mænd,Gift/separeret,2019,36,899
Aarhus,Mænd,Gift/separeret,2019,37,969
Aarhus,Mænd,Gift/separeret,2019,38,973
Aarhus,Mænd,Gift/separeret,2019,39,952
Aarhus,Mænd,Gift/separeret,2019,40,997
Aarhus,Mænd,Gift/separeret,2020,30,596
Aarhus,Mænd,Gift/separeret,2020,31,694
Aarhus,Mænd,Gift/separeret,2020,32,670
Aarhus,Mænd,Gift/separeret,2020,33,781
Aarhus,Mænd,Gift/separeret,2020,34,810
Aarhus,Mænd,Gift/separeret,2020,35,811
Aarhus,Mænd,Gift/separeret,2020,36,888
Aarhus,Mænd,Gift/separeret,2020,37,896
Aarhus,Mænd,Gift/separeret,2020,38,948
Aarhus,Mænd,Gift/separeret,2020,39,985
Aarhus,Mænd,Gift/separeret,2020,40,969
Aarhus,Mænd,Enke/enkemand,2016,30,0
Aarhus,Mænd,Enke/enkemand,2016,31,0
Aarhus,Mænd,Enke/enkemand,2016,32,0
Aarhus,Mænd,Enke/enkemand,2016,33,0
Aarhus,Mænd,Enke/enkemand,2016,34,1
Aarhus,Mænd,Enke/enkemand,2016,35,1
Aarhus,Mænd,Enke/enkemand,2016,36,1
Aarhus,Mænd,Enke/enkemand,2016,37,0
Aarhus,Mænd,Enke/enkemand,2016,38,5
Aarhus,Mænd,Enke/enkemand,2016,39,4
Aarhus,Mænd,Enke/enkemand,2016,40,2
Aarhus,Mænd,Enke/enkemand,2017,30,0
Aarhus,Mænd,Enke/enkemand,2017,31,0
Aarhus,Mænd,Enke/enkemand,2017,32,1
Aarhus,Mænd,Enke/enkemand,2017,33,0
Aarhus,Mænd,Enke/enkemand,2017,34,1
Aarhus,Mænd,Enke/enkemand,2017,35,1
Aarhus,Mænd,Enke/enkemand,2017,36,1
Aarhus,Mænd,Enke/enkemand,2017,37,1
Aarhus,Mænd,Enke/enkemand,2017,38,0
Aarhus,Mænd,Enke/enkemand,2017,39,4
Aarhus,Mænd,Enke/enkemand,2017,40,4
Aarhus,Mænd,Enke/enkemand,2018,30,0
Aarhus,Mænd,Enke/enkemand,2018,31,1
Aarhus,Mænd,Enke/enkemand,2018,32,1
Aarhus,Mænd,Enke/enkemand,2018,33,2
Aarhus,Mænd,Enke/enkemand,2018,34,0
Aarhus,Mænd,Enke/enkemand,2018,35,1
Aarhus,Mænd,Enke/enkemand,2018,36,1
Aarhus,Mænd,Enke/enkemand,2018,37,3
Aarhus,Mænd,Enke/enkemand,2018,38,2
Aarhus,Mænd,Enke/enkemand,2018,39,1
Aarhus,Mænd,Enke/enkemand,2018,40,3
Aarhus,Mænd,Enke/enkemand,2019,30,1
Aarhus,Mænd,Enke/enkemand,2019,31,0
Aarhus,Mænd,Enke/enkemand,2019,32,1
Aarhus,Mænd,Enke/enkemand,2019,33,0
Aarhus,Mænd,Enke/enkemand,2019,34,2
Aarhus,Mænd,Enke/enkemand,2019,35,0
Aarhus,Mænd,Enke/enkemand,2019,36,1
Aarhus,Mænd,Enke/enkemand,2019,37,2
Aarhus,Mænd,Enke/enkemand,2019,38,3
Aarhus,Mænd,Enke/enkemand,2019,39,4
Aarhus,Mænd,Enke/enkemand,2019,40,2
Aarhus,Mænd,Enke/enkemand,2020,30,0
Aarhus,Mænd,Enke/enkemand,2020,31,1
Aarhus,Mænd,Enke/enkemand,2020,32,0
Aarhus,Mænd,Enke/enkemand,2020,33,0
Aarhus,Mænd,Enke/enkemand,2020,34,0
Aarhus,Mænd,Enke/enkemand,2020,35,3
Aarhus,Mænd,Enke/enkemand,2020,36,0
Aarhus,Mænd,Enke/enkemand,2020,37,1
Aarhus,Mænd,Enke/enkemand,2020,38,2
Aarhus,Mænd,Enke/enkemand,2020,39,4
Aarhus,Mænd,Enke/enkemand,2020,40,2
Aarhus,Mænd,Fraskilt,2016,30,30
Aarhus,Mænd,Fraskilt,2016,31,29
Aarhus,Mænd,Fraskilt,2016,32,74
Aarhus,Mænd,Fraskilt,2016,33,63
Aarhus,Mænd,Fraskilt,2016,34,63
Aarhus,Mænd,Fraskilt,2016,35,107
Aarhus,Mænd,Fraskilt,2016,36,100
Aarhus,Mænd,Fraskilt,2016,37,133
Aarhus,Mænd,Fraskilt,2016,38,127
Aarhus,Mænd,Fraskilt,2016,39,137
Aarhus,Mænd,Fraskilt,2016,40,149
Aarhus,Mænd,Fraskilt,2017,30,29
Aarhus,Mænd,Fraskilt,2017,31,47
Aarhus,Mænd,Fraskilt,2017,32,40
Aarhus,Mænd,Fraskilt,2017,33,78
Aarhus,Mænd,Fraskilt,2017,34,69
Aarhus,Mænd,Fraskilt,2017,35,67
Aarhus,Mænd,Fraskilt,2017,36,103
Aarhus,Mænd,Fraskilt,2017,37,111
Aarhus,Mænd,Fraskilt,2017,38,141
Aarhus,Mænd,Fraskilt,2017,39,142
Aarhus,Mænd,Fraskilt,2017,40,146
Aarhus,Mænd,Fraskilt,2018,30,45
Aarhus,Mænd,Fraskilt,2018,31,37
Aarhus,Mænd,Fraskilt,2018,32,53
Aarhus,Mænd,Fraskilt,2018,33,48
Aarhus,Mænd,Fraskilt,2018,34,83
Aarhus,Mænd,Fraskilt,2018,35,66
Aarhus,Mænd,Fraskilt,2018,36,79
Aarhus,Mænd,Fraskilt,2018,37,104
Aarhus,Mænd,Fraskilt,2018,38,118
Aarhus,Mænd,Fraskilt,2018,39,142
Aarhus,Mænd,Fraskilt,2018,40,154
Aarhus,Mænd,Fraskilt,2019,30,25
Aarhus,Mænd,Fraskilt,2019,31,59
Aarhus,Mænd,Fraskilt,2019,32,45
Aarhus,Mænd,Fraskilt,2019,33,56
Aarhus,Mænd,Fraskilt,2019,34,48
Aarhus,Mænd,Fraskilt,2019,35,95
Aarhus,Mænd,Fraskilt,2019,36,79
Aarhus,Mænd,Fraskilt,2019,37,91
Aarhus,Mænd,Fraskilt,2019,38,105
Aarhus,Mænd,Fraskilt,2019,39,121
Aarhus,Mænd,Fraskilt,2019,40,161
Aarhus,Mænd,Fraskilt,2020,30,30
Aarhus,Mænd,Fraskilt,2020,31,31
Aarhus,Mænd,Fraskilt,2020,32,62
Aarhus,Mænd,Fraskilt,2020,33,56
Aarhus,Mænd,Fraskilt,2020,34,66
Aarhus,Mænd,Fraskilt,2020,35,59
Aarhus,Mænd,Fraskilt,2020,36,95
Aarhus,Mænd,Fraskilt,2020,37,89
Aarhus,Mænd,Fraskilt,2020,38,99
Aarhus,Mænd,Fraskilt,2020,39,117
Aarhus,Mænd,Fraskilt,2020,40,136
Aarhus,Kvinder,Ugift,2016,30,1718
Aarhus,Kvinder,Ugift,2016,31,1496
Aarhus,Kvinder,Ugift,2016,32,1311
Aarhus,Kvinder,Ugift,2016,33,1150
Aarhus,Kvinder,Ugift,2016,34,1045
Aarhus,Kvinder,Ugift,2016,35,869
Aarhus,Kvinder,Ugift,2016,36,802
Aarhus,Kvinder,Ugift,2016,37,724
Aarhus,Kvinder,Ugift,2016,38,637
Aarhus,Kvinder,Ugift,2016,39,619
Aarhus,Kvinder,Ugift,2016,40,598
Aarhus,Kvinder,Ugift,2017,30,1931
Aarhus,Kvinder,Ugift,2017,31,1525
Aarhus,Kvinder,Ugift,2017,32,1342
Aarhus,Kvinder,Ugift,2017,33,1154
Aarhus,Kvinder,Ugift,2017,34,1003
Aarhus,Kvinder,Ugift,2017,35,958
Aarhus,Kvinder,Ugift,2017,36,808
Aarhus,Kvinder,Ugift,2017,37,771
Aarhus,Kvinder,Ugift,2017,38,671
Aarhus,Kvinder,Ugift,2017,39,619
Aarhus,Kvinder,Ugift,2017,40,583
Aarhus,Kvinder,Ugift,2018,30,1957
Aarhus,Kvinder,Ugift,2018,31,1659
Aarhus,Kvinder,Ugift,2018,32,1368
Aarhus,Kvinder,Ugift,2018,33,1182
Aarhus,Kvinder,Ugift,2018,34,1040
Aarhus,Kvinder,Ugift,2018,35,915
Aarhus,Kvinder,Ugift,2018,36,876
Aarhus,Kvinder,Ugift,2018,37,736
Aarhus,Kvinder,Ugift,2018,38,720
Aarhus,Kvinder,Ugift,2018,39,637
Aarhus,Kvinder,Ugift,2018,40,589
Aarhus,Kvinder,Ugift,2019,30,2118
Aarhus,Kvinder,Ugift,2019,31,1774
Aarhus,Kvinder,Ugift,2019,32,1468
Aarhus,Kvinder,Ugift,2019,33,1241
Aarhus,Kvinder,Ugift,2019,34,1059
Aarhus,Kvinder,Ugift,2019,35,955
Aarhus,Kvinder,Ugift,2019,36,853
Aarhus,Kvinder,Ugift,2019,37,824
Aarhus,Kvinder,Ugift,2019,38,683
Aarhus,Kvinder,Ugift,2019,39,676
Aarhus,Kvinder,Ugift,2019,40,608
Aarhus,Kvinder,Ugift,2020,30,2143
Aarhus,Kvinder,Ugift,2020,31,1884
Aarhus,Kvinder,Ugift,2020,32,1530
Aarhus,Kvinder,Ugift,2020,33,1331
Aarhus,Kvinder,Ugift,2020,34,1136
Aarhus,Kvinder,Ugift,2020,35,968
Aarhus,Kvinder,Ugift,2020,36,887
Aarhus,Kvinder,Ugift,2020,37,799
Aarhus,Kvinder,Ugift,2020,38,754
Aarhus,Kvinder,Ugift,2020,39,648
Aarhus,Kvinder,Ugift,2020,40,653
Aarhus,Kvinder,Gift/separeret,2016,30,737
Aarhus,Kvinder,Gift/separeret,2016,31,760
Aarhus,Kvinder,Gift/separeret,2016,32,872
Aarhus,Kvinder,Gift/separeret,2016,33,834
Aarhus,Kvinder,Gift/separeret,2016,34,947
Aarhus,Kvinder,Gift/separeret,2016,35,964
Aarhus,Kvinder,Gift/separeret,2016,36,992
Aarhus,Kvinder,Gift/separeret,2016,37,1058
Aarhus,Kvinder,Gift/separeret,2016,38,998
Aarhus,Kvinder,Gift/separeret,2016,39,889
Aarhus,Kvinder,Gift/separeret,2016,40,1023
Aarhus,Kvinder,Gift/separeret,2017,30,789
Aarhus,Kvinder,Gift/separeret,2017,31,796
Aarhus,Kvinder,Gift/separeret,2017,32,799
Aarhus,Kvinder,Gift/separeret,2017,33,909
Aarhus,Kvinder,Gift/separeret,2017,34,893
Aarhus,Kvinder,Gift/separeret,2017,35,994
Aarhus,Kvinder,Gift/separeret,2017,36,984
Aarhus,Kvinder,Gift/separeret,2017,37,993
Aarhus,Kvinder,Gift/separeret,2017,38,1080
Aarhus,Kvinder,Gift/separeret,2017,39,1003
Aarhus,Kvinder,Gift/separeret,2017,40,910
Aarhus,Kvinder,Gift/separeret,2018,30,760
Aarhus,Kvinder,Gift/separeret,2018,31,863
Aarhus,Kvinder,Gift/separeret,2018,32,841
Aarhus,Kvinder,Gift/separeret,2018,33,874
Aarhus,Kvinder,Gift/separeret,2018,34,962
Aarhus,Kvinder,Gift/separeret,2018,35,929
Aarhus,Kvinder,Gift/separeret,2018,36,1008
Aarhus,Kvinder,Gift/separeret,2018,37,1010
Aarhus,Kvinder,Gift/separeret,2018,38,997
Aarhus,Kvinder,Gift/separeret,2018,39,1086
Aarhus,Kvinder,Gift/separeret,2018,40,1004
Aarhus,Kvinder,Gift/separeret,2019,30,827
Aarhus,Kvinder,Gift/separeret,2019,31,827
Aarhus,Kvinder,Gift/separeret,2019,32,931
Aarhus,Kvinder,Gift/separeret,2019,33,889
Aarhus,Kvinder,Gift/separeret,2019,34,908
Aarhus,Kvinder,Gift/separeret,2019,35,989
Aarhus,Kvinder,Gift/separeret,2019,36,944
Aarhus,Kvinder,Gift/separeret,2019,37,1041
Aarhus,Kvinder,Gift/separeret,2019,38,1028
Aarhus,Kvinder,Gift/separeret,2019,39,1025
Aarhus,Kvinder,Gift/separeret,2019,40,1112
Aarhus,Kvinder,Gift/separeret,2020,30,774
Aarhus,Kvinder,Gift/separeret,2020,31,841
Aarhus,Kvinder,Gift/separeret,2020,32,881
Aarhus,Kvinder,Gift/separeret,2020,33,955
Aarhus,Kvinder,Gift/separeret,2020,34,913
Aarhus,Kvinder,Gift/separeret,2020,35,912
Aarhus,Kvinder,Gift/separeret,2020,36,967
Aarhus,Kvinder,Gift/separeret,2020,37,931
Aarhus,Kvinder,Gift/separeret,2020,38,1053
Aarhus,Kvinder,Gift/separeret,2020,39,1042
Aarhus,Kvinder,Gift/separeret,2020,40,1019
Aarhus,Kvinder,Enke/enkemand,2016,30,1
Aarhus,Kvinder,Enke/enkemand,2016,31,3
Aarhus,Kvinder,Enke/enkemand,2016,32,3
Aarhus,Kvinder,Enke/enkemand,2016,33,0
Aarhus,Kvinder,Enke/enkemand,2016,34,3
Aarhus,Kvinder,Enke/enkemand,2016,35,3
Aarhus,Kvinder,Enke/enkemand,2016,36,2
Aarhus,Kvinder,Enke/enkemand,2016,37,6
Aarhus,Kvinder,Enke/enkemand,2016,38,9
Aarhus,Kvinder,Enke/enkemand,2016,39,4
Aarhus,Kvinder,Enke/enkemand,2016,40,6
Aarhus,Kvinder,Enke/enkemand,2017,30,2
Aarhus,Kvinder,Enke/enkemand,2017,31,1
Aarhus,Kvinder,Enke/enkemand,2017,32,2
Aarhus,Kvinder,Enke/enkemand,2017,33,4
Aarhus,Kvinder,Enke/enkemand,2017,34,1
Aarhus,Kvinder,Enke/enkemand,2017,35,3
Aarhus,Kvinder,Enke/enkemand,2017,36,3
Aarhus,Kvinder,Enke/enkemand,2017,37,2
Aarhus,Kvinder,Enke/enkemand,2017,38,6
Aarhus,Kvinder,Enke/enkemand,2017,39,10
Aarhus,Kvinder,Enke/enkemand,2017,40,4
Aarhus,Kvinder,Enke/enkemand,2018,30,4
Aarhus,Kvinder,Enke/enkemand,2018,31,2
Aarhus,Kvinder,Enke/enkemand,2018,32,1
Aarhus,Kvinder,Enke/enkemand,2018,33,2
Aarhus,Kvinder,Enke/enkemand,2018,34,4
Aarhus,Kvinder,Enke/enkemand,2018,35,2
Aarhus,Kvinder,Enke/enkemand,2018,36,3
Aarhus,Kvinder,Enke/enkemand,2018,37,2
Aarhus,Kvinder,Enke/enkemand,2018,38,4
Aarhus,Kvinder,Enke/enkemand,2018,39,6
Aarhus,Kvinder,Enke/enkemand,2018,40,9
Aarhus,Kvinder,Enke/enkemand,2019,30,1
Aarhus,Kvinder,Enke/enkemand,2019,31,4
Aarhus,Kvinder,Enke/enkemand,2019,32,3
Aarhus,Kvinder,Enke/enkemand,2019,33,2
Aarhus,Kvinder,Enke/enkemand,2019,34,2
Aarhus,Kvinder,Enke/enkemand,2019,35,5
Aarhus,Kvinder,Enke/enkemand,2019,36,2
Aarhus,Kvinder,Enke/enkemand,2019,37,4
Aarhus,Kvinder,Enke/enkemand,2019,38,4
Aarhus,Kvinder,Enke/enkemand,2019,39,4
Aarhus,Kvinder,Enke/enkemand,2019,40,6
Aarhus,Kvinder,Enke/enkemand,2020,30,0
Aarhus,Kvinder,Enke/enkemand,2020,31,2
Aarhus,Kvinder,Enke/enkemand,2020,32,3
Aarhus,Kvinder,Enke/enkemand,2020,33,4
Aarhus,Kvinder,Enke/enkemand,2020,34,3
Aarhus,Kvinder,Enke/enkemand,2020,35,3
Aarhus,Kvinder,Enke/enkemand,2020,36,6
Aarhus,Kvinder,Enke/enkemand,2020,37,2
Aarhus,Kvinder,Enke/enkemand,2020,38,5
Aarhus,Kvinder,Enke/enkemand,2020,39,6
Aarhus,Kvinder,Enke/enkemand,2020,40,5
Aarhus,Kvinder,Fraskilt,2016,30,72
Aarhus,Kvinder,Fraskilt,2016,31,86
Aarhus,Kvinder,Fraskilt,2016,32,84
Aarhus,Kvinder,Fraskilt,2016,33,97
Aarhus,Kvinder,Fraskilt,2016,34,144
Aarhus,Kvinder,Fraskilt,2016,35,143
Aarhus,Kvinder,Fraskilt,2016,36,156
Aarhus,Kvinder,Fraskilt,2016,37,176
Aarhus,Kvinder,Fraskilt,2016,38,218
Aarhus,Kvinder,Fraskilt,2016,39,200
Aarhus,Kvinder,Fraskilt,2016,40,247
Aarhus,Kvinder,Fraskilt,2017,30,55
Aarhus,Kvinder,Fraskilt,2017,31,86
Aarhus,Kvinder,Fraskilt,2017,32,86
Aarhus,Kvinder,Fraskilt,2017,33,96
Aarhus,Kvinder,Fraskilt,2017,34,115
Aarhus,Kvinder,Fraskilt,2017,35,148
Aarhus,Kvinder,Fraskilt,2017,36,145
Aarhus,Kvinder,Fraskilt,2017,37,168
Aarhus,Kvinder,Fraskilt,2017,38,189
Aarhus,Kvinder,Fraskilt,2017,39,222
Aarhus,Kvinder,Fraskilt,2017,40,203
Aarhus,Kvinder,Fraskilt,2018,30,56
Aarhus,Kvinder,Fraskilt,2018,31,69
Aarhus,Kvinder,Fraskilt,2018,32,94
Aarhus,Kvinder,Fraskilt,2018,33,89
Aarhus,Kvinder,Fraskilt,2018,34,109
Aarhus,Kvinder,Fraskilt,2018,35,123
Aarhus,Kvinder,Fraskilt,2018,36,157
Aarhus,Kvinder,Fraskilt,2018,37,156
Aarhus,Kvinder,Fraskilt,2018,38,182
Aarhus,Kvinder,Fraskilt,2018,39,191
Aarhus,Kvinder,Fraskilt,2018,40,232
Aarhus,Kvinder,Fraskilt,2019,30,59
Aarhus,Kvinder,Fraskilt,2019,31,66
Aarhus,Kvinder,Fraskilt,2019,32,75
Aarhus,Kvinder,Fraskilt,2019,33,100
Aarhus,Kvinder,Fraskilt,2019,34,97
Aarhus,Kvinder,Fraskilt,2019,35,119
Aarhus,Kvinder,Fraskilt,2019,36,131
Aarhus,Kvinder,Fraskilt,2019,37,160
Aarhus,Kvinder,Fraskilt,2019,38,167
Aarhus,Kvinder,Fraskilt,2019,39,191
Aarhus,Kvinder,Fraskilt,2019,40,189
Aarhus,Kvinder,Fraskilt,2020,30,47
Aarhus,Kvinder,Fraskilt,2020,31,68
Aarhus,Kvinder,Fraskilt,2020,32,78
Aarhus,Kvinder,Fraskilt,2020,33,91
Aarhus,Kvinder,Fraskilt,2020,34,104
Aarhus,Kvinder,Fraskilt,2020,35,114
Aarhus,Kvinder,Fraskilt,2020,36,146
Aarhus,Kvinder,Fraskilt,2020,37,147
Aarhus,Kvinder,Fraskilt,2020,38,186
Aarhus,Kvinder,Fraskilt,2020,39,181
Aarhus,Kvinder,Fraskilt,2020,40,207
Odense,Mænd,Ugift,2016,30,1057
Odense,Mænd,Ugift,2016,31,904
Odense,Mænd,Ugift,2016,32,772
Odense,Mænd,Ugift,2016,33,730
Odense,Mænd,Ugift,2016,34,657
Odense,Mænd,Ugift,2016,35,620
Odense,Mænd,Ugift,2016,36,626
Odense,Mænd,Ugift,2016,37,520
Odense,Mænd,Ugift,2016,38,495
Odense,Mænd,Ugift,2016,39,473
Odense,Mænd,Ugift,2016,40,523
Odense,Mænd,Ugift,2017,30,1133
Odense,Mænd,Ugift,2017,31,960
Odense,Mænd,Ugift,2017,32,842
Odense,Mænd,Ugift,2017,33,719
Odense,Mænd,Ugift,2017,34,678
Odense,Mænd,Ugift,2017,35,607
Odense,Mænd,Ugift,2017,36,573
Odense,Mænd,Ugift,2017,37,570
Odense,Mænd,Ugift,2017,38,489
Odense,Mænd,Ugift,2017,39,465
Odense,Mænd,Ugift,2017,40,449
Odense,Mænd,Ugift,2018,30,1232
Odense,Mænd,Ugift,2018,31,1028
Odense,Mænd,Ugift,2018,32,899
Odense,Mænd,Ugift,2018,33,799
Odense,Mænd,Ugift,2018,34,693
Odense,Mænd,Ugift,2018,35,630
Odense,Mænd,Ugift,2018,36,575
Odense,Mænd,Ugift,2018,37,536
Odense,Mænd,Ugift,2018,38,544
Odense,Mænd,Ugift,2018,39,463
Odense,Mænd,Ugift,2018,40,455
Odense,Mænd,Ugift,2019,30,1294
Odense,Mænd,Ugift,2019,31,1118
Odense,Mænd,Ugift,2019,32,920
Odense,Mænd,Ugift,2019,33,807
Odense,Mænd,Ugift,2019,34,731
Odense,Mænd,Ugift,2019,35,651
Odense,Mænd,Ugift,2019,36,564
Odense,Mænd,Ugift,2019,37,532
Odense,Mænd,Ugift,2019,38,515
Odense,Mænd,Ugift,2019,39,526
Odense,Mænd,Ugift,2019,40,447
Odense,Mænd,Ugift,2020,30,1273
Odense,Mænd,Ugift,2020,31,1143
Odense,Mænd,Ugift,2020,32,1008
Odense,Mænd,Ugift,2020,33,854
Odense,Mænd,Ugift,2020,34,759
Odense,Mænd,Ugift,2020,35,695
Odense,Mænd,Ugift,2020,36,599
Odense,Mænd,Ugift,2020,37,533
Odense,Mænd,Ugift,2020,38,498
Odense,Mænd,Ugift,2020,39,477
Odense,Mænd,Ugift,2020,40,487
Odense,Mænd,Gift/separeret,2016,30,321
Odense,Mænd,Gift/separeret,2016,31,355
Odense,Mænd,Gift/separeret,2016,32,367
Odense,Mænd,Gift/separeret,2016,33,429
Odense,Mænd,Gift/separeret,2016,34,449
Odense,Mænd,Gift/separeret,2016,35,493
Odense,Mænd,Gift/separeret,2016,36,535
Odense,Mænd,Gift/separeret,2016,37,552
Odense,Mænd,Gift/separeret,2016,38,524
Odense,Mænd,Gift/separeret,2016,39,539
Odense,Mænd,Gift/separeret,2016,40,622
Odense,Mænd,Gift/separeret,2017,30,331
Odense,Mænd,Gift/separeret,2017,31,366
Odense,Mænd,Gift/separeret,2017,32,389
Odense,Mænd,Gift/separeret,2017,33,383
Odense,Mænd,Gift/separeret,2017,34,452
Odense,Mænd,Gift/separeret,2017,35,478
Odense,Mænd,Gift/separeret,2017,36,504
Odense,Mænd,Gift/separeret,2017,37,559
Odense,Mænd,Gift/separeret,2017,38,557
Odense,Mænd,Gift/separeret,2017,39,533
Odense,Mænd,Gift/separeret,2017,40,551
Odense,Mænd,Gift/separeret,2018,30,318
Odense,Mænd,Gift/separeret,2018,31,388
Odense,Mænd,Gift/separeret,2018,32,410
Odense,Mænd,Gift/separeret,2018,33,424
Odense,Mænd,Gift/separeret,2018,34,408
Odense,Mænd,Gift/separeret,2018,35,472
Odense,Mænd,Gift/separeret,2018,36,497
Odense,Mænd,Gift/separeret,2018,37,522
Odense,Mænd,Gift/separeret,2018,38,576
Odense,Mænd,Gift/separeret,2018,39,589
Odense,Mænd,Gift/separeret,2018,40,552
Odense,Mænd,Gift/separeret,2019,30,340
Odense,Mænd,Gift/separeret,2019,31,364
Odense,Mænd,Gift/separeret,2019,32,427
Odense,Mænd,Gift/separeret,2019,33,472
Odense,Mænd,Gift/separeret,2019,34,456
Odense,Mænd,Gift/separeret,2019,35,439
Odense,Mænd,Gift/separeret,2019,36,483
Odense,Mænd,Gift/separeret,2019,37,505
Odense,Mænd,Gift/separeret,2019,38,521
Odense,Mænd,Gift/separeret,2019,39,593
Odense,Mænd,Gift/separeret,2019,40,586
Odense,Mænd,Gift/separeret,2020,30,363
Odense,Mænd,Gift/separeret,2020,31,379
Odense,Mænd,Gift/separeret,2020,32,414
Odense,Mænd,Gift/separeret,2020,33,435
Odense,Mænd,Gift/separeret,2020,34,465
Odense,Mænd,Gift/separeret,2020,35,465
Odense,Mænd,Gift/separeret,2020,36,452
Odense,Mænd,Gift/separeret,2020,37,486
Odense,Mænd,Gift/separeret,2020,38,509
Odense,Mænd,Gift/separeret,2020,39,532
Odense,Mænd,Gift/separeret,2020,40,604
Odense,Mænd,Enke/enkemand,2016,30,0
Odense,Mænd,Enke/enkemand,2016,31,1
Odense,Mænd,Enke/enkemand,2016,32,0
Odense,Mænd,Enke/enkemand,2016,33,0
Odense,Mænd,Enke/enkemand,2016,34,0
Odense,Mænd,Enke/enkemand,2016,35,1
Odense,Mænd,Enke/enkemand,2016,36,0
Odense,Mænd,Enke/enkemand,2016,37,0
Odense,Mænd,Enke/enkemand,2016,38,1
Odense,Mænd,Enke/enkemand,2016,39,1
Odense,Mænd,Enke/enkemand,2016,40,1
Odense,Mænd,Enke/enkemand,2017,30,0
Odense,Mænd,Enke/enkemand,2017,31,0
Odense,Mænd,Enke/enkemand,2017,32,1
Odense,Mænd,Enke/enkemand,2017,33,0
Odense,Mænd,Enke/enkemand,2017,34,0
Odense,Mænd,Enke/enkemand,2017,35,0
Odense,Mænd,Enke/enkemand,2017,36,1
Odense,Mænd,Enke/enkemand,2017,37,0
Odense,Mænd,Enke/enkemand,2017,38,0
Odense,Mænd,Enke/enkemand,2017,39,3
Odense,Mænd,Enke/enkemand,2017,40,1
Odense,Mænd,Enke/enkemand,2018,30,0
Odense,Mænd,Enke/enkemand,2018,31,0
Odense,Mænd,Enke/enkemand,2018,32,0
Odense,Mænd,Enke/enkemand,2018,33,1
Odense,Mænd,Enke/enkemand,2018,34,0
Odense,Mænd,Enke/enkemand,2018,35,1
Odense,Mænd,Enke/enkemand,2018,36,0
Odense,Mænd,Enke/enkemand,2018,37,1
Odense,Mænd,Enke/enkemand,2018,38,0
Odense,Mænd,Enke/enkemand,2018,39,0
Odense,Mænd,Enke/enkemand,2018,40,3
Odense,Mænd,Enke/enkemand,2019,30,0
Odense,Mænd,Enke/enkemand,2019,31,0
Odense,Mænd,Enke/enkemand,2019,32,0
Odense,Mænd,Enke/enkemand,2019,33,2
Odense,Mænd,Enke/enkemand,2019,34,1
Odense,Mænd,Enke/enkemand,2019,35,0
Odense,Mænd,Enke/enkemand,2019,36,0
Odense,Mænd,Enke/enkemand,2019,37,0
Odense,Mænd,Enke/enkemand,2019,38,1
Odense,Mænd,Enke/enkemand,2019,39,0
Odense,Mænd,Enke/enkemand,2019,40,0
Odense,Mænd,Enke/enkemand,2020,30,0
Odense,Mænd,Enke/enkemand,2020,31,0
Odense,Mænd,Enke/enkemand,2020,32,0
Odense,Mænd,Enke/enkemand,2020,33,1
Odense,Mænd,Enke/enkemand,2020,34,2
Odense,Mænd,Enke/enkemand,2020,35,1
Odense,Mænd,Enke/enkemand,2020,36,0
Odense,Mænd,Enke/enkemand,2020,37,0
Odense,Mænd,Enke/enkemand,2020,38,0
Odense,Mænd,Enke/enkemand,2020,39,3
Odense,Mænd,Enke/enkemand,2020,40,0
Odense,Mænd,Fraskilt,2016,30,21
Odense,Mænd,Fraskilt,2016,31,29
Odense,Mænd,Fraskilt,2016,32,31
Odense,Mænd,Fraskilt,2016,33,33
Odense,Mænd,Fraskilt,2016,34,50
Odense,Mænd,Fraskilt,2016,35,65
Odense,Mænd,Fraskilt,2016,36,85
Odense,Mænd,Fraskilt,2016,37,95
Odense,Mænd,Fraskilt,2016,38,95
Odense,Mænd,Fraskilt,2016,39,95
Odense,Mænd,Fraskilt,2016,40,116
Odense,Mænd,Fraskilt,2017,30,22
Odense,Mænd,Fraskilt,2017,31,33
Odense,Mænd,Fraskilt,2017,32,34
Odense,Mænd,Fraskilt,2017,33,37
Odense,Mænd,Fraskilt,2017,34,43
Odense,Mænd,Fraskilt,2017,35,56
Odense,Mænd,Fraskilt,2017,36,66
Odense,Mænd,Fraskilt,2017,37,94
Odense,Mænd,Fraskilt,2017,38,105
Odense,Mænd,Fraskilt,2017,39,98
Odense,Mænd,Fraskilt,2017,40,95
Odense,Mænd,Fraskilt,2018,30,20
Odense,Mænd,Fraskilt,2018,31,28
Odense,Mænd,Fraskilt,2018,32,29
Odense,Mænd,Fraskilt,2018,33,47
Odense,Mænd,Fraskilt,2018,34,38
Odense,Mænd,Fraskilt,2018,35,52
Odense,Mænd,Fraskilt,2018,36,60
Odense,Mænd,Fraskilt,2018,37,73
Odense,Mænd,Fraskilt,2018,38,98
Odense,Mænd,Fraskilt,2018,39,115
Odense,Mænd,Fraskilt,2018,40,108
Odense,Mænd,Fraskilt,2019,30,18
Odense,Mænd,Fraskilt,2019,31,20
Odense,Mænd,Fraskilt,2019,32,34
Odense,Mænd,Fraskilt,2019,33,43
Odense,Mænd,Fraskilt,2019,34,49
Odense,Mænd,Fraskilt,2019,35,43
Odense,Mænd,Fraskilt,2019,36,61
Odense,Mænd,Fraskilt,2019,37,72
Odense,Mænd,Fraskilt,2019,38,79
Odense,Mænd,Fraskilt,2019,39,93
Odense,Mænd,Fraskilt,2019,40,117
Odense,Mænd,Fraskilt,2020,30,28
Odense,Mænd,Fraskilt,2020,31,23
Odense,Mænd,Fraskilt,2020,32,28
Odense,Mænd,Fraskilt,2020,33,38
Odense,Mænd,Fraskilt,2020,34,48
Odense,Mænd,Fraskilt,2020,35,60
Odense,Mænd,Fraskilt,2020,36,53
Odense,Mænd,Fraskilt,2020,37,70
Odense,Mænd,Fraskilt,2020,38,84
Odense,Mænd,Fraskilt,2020,39,80
Odense,Mænd,Fraskilt,2020,40,91
Odense,Kvinder,Ugift,2016,30,801
Odense,Kvinder,Ugift,2016,31,701
Odense,Kvinder,Ugift,2016,32,650
Odense,Kvinder,Ugift,2016,33,519
Odense,Kvinder,Ugift,2016,34,484
Odense,Kvinder,Ugift,2016,35,427
Odense,Kvinder,Ugift,2016,36,388
Odense,Kvinder,Ugift,2016,37,374
Odense,Kvinder,Ugift,2016,38,360
Odense,Kvinder,Ugift,2016,39,345
Odense,Kvinder,Ugift,2016,40,335
Odense,Kvinder,Ugift,2017,30,828
Odense,Kvinder,Ugift,2017,31,684
Odense,Kvinder,Ugift,2017,32,626
Odense,Kvinder,Ugift,2017,33,602
Odense,Kvinder,Ugift,2017,34,475
Odense,Kvinder,Ugift,2017,35,453
Odense,Kvinder,Ugift,2017,36,402
Odense,Kvinder,Ugift,2017,37,367
Odense,Kvinder,Ugift,2017,38,351
Odense,Kvinder,Ugift,2017,39,340
Odense,Kvinder,Ugift,2017,40,335
Odense,Kvinder,Ugift,2018,30,922
Odense,Kvinder,Ugift,2018,31,743
Odense,Kvinder,Ugift,2018,32,638
Odense,Kvinder,Ugift,2018,33,574
Odense,Kvinder,Ugift,2018,34,556
Odense,Kvinder,Ugift,2018,35,444
Odense,Kvinder,Ugift,2018,36,452
Odense,Kvinder,Ugift,2018,37,372
Odense,Kvinder,Ugift,2018,38,343
Odense,Kvinder,Ugift,2018,39,337
Odense,Kvinder,Ugift,2018,40,333
Odense,Kvinder,Ugift,2019,30,954
Odense,Kvinder,Ugift,2019,31,826
Odense,Kvinder,Ugift,2019,32,655
Odense,Kvinder,Ugift,2019,33,591
Odense,Kvinder,Ugift,2019,34,535
Odense,Kvinder,Ugift,2019,35,517
Odense,Kvinder,Ugift,2019,36,424
Odense,Kvinder,Ugift,2019,37,419
Odense,Kvinder,Ugift,2019,38,352
Odense,Kvinder,Ugift,2019,39,337
Odense,Kvinder,Ugift,2019,40,323
Odense,Kvinder,Ugift,2020,30,1006
Odense,Kvinder,Ugift,2020,31,875
Odense,Kvinder,Ugift,2020,32,730
Odense,Kvinder,Ugift,2020,33,601
Odense,Kvinder,Ugift,2020,34,546
Odense,Kvinder,Ugift,2020,35,488
Odense,Kvinder,Ugift,2020,36,488
Odense,Kvinder,Ugift,2020,37,388
Odense,Kvinder,Ugift,2020,38,402
Odense,Kvinder,Ugift,2020,39,348
Odense,Kvinder,Ugift,2020,40,318
Odense,Kvinder,Gift/separeret,2016,30,416
Odense,Kvinder,Gift/separeret,2016,31,445
Odense,Kvinder,Gift/separeret,2016,32,463
Odense,Kvinder,Gift/separeret,2016,33,482
Odense,Kvinder,Gift/separeret,2016,34,459
Odense,Kvinder,Gift/separeret,2016,35,541
Odense,Kvinder,Gift/separeret,2016,36,624
Odense,Kvinder,Gift/separeret,2016,37,607
Odense,Kvinder,Gift/separeret,2016,38,686
Odense,Kvinder,Gift/separeret,2016,39,623
Odense,Kvinder,Gift/separeret,2016,40,701
Odense,Kvinder,Gift/separeret,2017,30,436
Odense,Kvinder,Gift/separeret,2017,31,466
Odense,Kvinder,Gift/separeret,2017,32,476
Odense,Kvinder,Gift/separeret,2017,33,480
Odense,Kvinder,Gift/separeret,2017,34,500
Odense,Kvinder,Gift/separeret,2017,35,459
Odense,Kvinder,Gift/separeret,2017,36,546
Odense,Kvinder,Gift/separeret,2017,37,625
Odense,Kvinder,Gift/separeret,2017,38,604
Odense,Kvinder,Gift/separeret,2017,39,695
Odense,Kvinder,Gift/separeret,2017,40,621
Odense,Kvinder,Gift/separeret,2018,30,417
Odense,Kvinder,Gift/separeret,2018,31,462
Odense,Kvinder,Gift/separeret,2018,32,501
Odense,Kvinder,Gift/separeret,2018,33,500
Odense,Kvinder,Gift/separeret,2018,34,497
Odense,Kvinder,Gift/separeret,2018,35,507
Odense,Kvinder,Gift/separeret,2018,36,467
Odense,Kvinder,Gift/separeret,2018,37,542
Odense,Kvinder,Gift/separeret,2018,38,638
Odense,Kvinder,Gift/separeret,2018,39,613
Odense,Kvinder,Gift/separeret,2018,40,684
Odense,Kvinder,Gift/separeret,2019,30,467
Odense,Kvinder,Gift/separeret,2019,31,474
Odense,Kvinder,Gift/separeret,2019,32,489
Odense,Kvinder,Gift/separeret,2019,33,531
Odense,Kvinder,Gift/separeret,2019,34,533
Odense,Kvinder,Gift/separeret,2019,35,511
Odense,Kvinder,Gift/separeret,2019,36,507
Odense,Kvinder,Gift/separeret,2019,37,478
Odense,Kvinder,Gift/separeret,2019,38,561
Odense,Kvinder,Gift/separeret,2019,39,626
Odense,Kvinder,Gift/separeret,2019,40,620
Odense,Kvinder,Gift/separeret,2020,30,474
Odense,Kvinder,Gift/separeret,2020,31,478
Odense,Kvinder,Gift/separeret,2020,32,497
Odense,Kvinder,Gift/separeret,2020,33,503
Odense,Kvinder,Gift/separeret,2020,34,537
Odense,Kvinder,Gift/separeret,2020,35,546
Odense,Kvinder,Gift/separeret,2020,36,520
Odense,Kvinder,Gift/separeret,2020,37,515
Odense,Kvinder,Gift/separeret,2020,38,485
Odense,Kvinder,Gift/separeret,2020,39,571
Odense,Kvinder,Gift/separeret,2020,40,621
Odense,Kvinder,Enke/enkemand,2016,30,0
Odense,Kvinder,Enke/enkemand,2016,31,0
Odense,Kvinder,Enke/enkemand,2016,32,0
Odense,Kvinder,Enke/enkemand,2016,33,1
Odense,Kvinder,Enke/enkemand,2016,34,3
Odense,Kvinder,Enke/enkemand,2016,35,3
Odense,Kvinder,Enke/enkemand,2016,36,5
Odense,Kvinder,Enke/enkemand,2016,37,2
Odense,Kvinder,Enke/enkemand,2016,38,9
Odense,Kvinder,Enke/enkemand,2016,39,4
Odense,Kvinder,Enke/enkemand,2016,40,6
Odense,Kvinder,Enke/enkemand,2017,30,0
Odense,Kvinder,Enke/enkemand,2017,31,0
Odense,Kvinder,Enke/enkemand,2017,32,0
Odense,Kvinder,Enke/enkemand,2017,33,1
Odense,Kvinder,Enke/enkemand,2017,34,1
Odense,Kvinder,Enke/enkemand,2017,35,4
Odense,Kvinder,Enke/enkemand,2017,36,3
Odense,Kvinder,Enke/enkemand,2017,37,6
Odense,Kvinder,Enke/enkemand,2017,38,2
Odense,Kvinder,Enke/enkemand,2017,39,8
Odense,Kvinder,Enke/enkemand,2017,40,6
Odense,Kvinder,Enke/enkemand,2018,30,3
Odense,Kvinder,Enke/enkemand,2018,31,1
Odense,Kvinder,Enke/enkemand,2018,32,0
Odense,Kvinder,Enke/enkemand,2018,33,0
Odense,Kvinder,Enke/enkemand,2018,34,2
Odense,Kvinder,Enke/enkemand,2018,35,2
Odense,Kvinder,Enke/enkemand,2018,36,4
Odense,Kvinder,Enke/enkemand,2018,37,4
Odense,Kvinder,Enke/enkemand,2018,38,7
Odense,Kvinder,Enke/enkemand,2018,39,4
Odense,Kvinder,Enke/enkemand,2018,40,7
Odense,Kvinder,Enke/enkemand,2019,30,0
Odense,Kvinder,Enke/enkemand,2019,31,3
Odense,Kvinder,Enke/enkemand,2019,32,1
Odense,Kvinder,Enke/enkemand,2019,33,0
Odense,Kvinder,Enke/enkemand,2019,34,2
Odense,Kvinder,Enke/enkemand,2019,35,2
Odense,Kvinder,Enke/enkemand,2019,36,2
Odense,Kvinder,Enke/enkemand,2019,37,3
Odense,Kvinder,Enke/enkemand,2019,38,3
Odense,Kvinder,Enke/enkemand,2019,39,8
Odense,Kvinder,Enke/enkemand,2019,40,5
Odense,Kvinder,Enke/enkemand,2020,30,0
Odense,Kvinder,Enke/enkemand,2020,31,0
Odense,Kvinder,Enke/enkemand,2020,32,3
Odense,Kvinder,Enke/enkemand,2020,33,1
Odense,Kvinder,Enke/enkemand,2020,34,0
Odense,Kvinder,Enke/enkemand,2020,35,2
Odense,Kvinder,Enke/enkemand,2020,36,1
Odense,Kvinder,Enke/enkemand,2020,37,3
Odense,Kvinder,Enke/enkemand,2020,38,3
Odense,Kvinder,Enke/enkemand,2020,39,3
Odense,Kvinder,Enke/enkemand,2020,40,10
Odense,Kvinder,Fraskilt,2016,30,53
Odense,Kvinder,Fraskilt,2016,31,39
Odense,Kvinder,Fraskilt,2016,32,51
Odense,Kvinder,Fraskilt,2016,33,93
Odense,Kvinder,Fraskilt,2016,34,90
Odense,Kvinder,Fraskilt,2016,35,96
Odense,Kvinder,Fraskilt,2016,36,106
Odense,Kvinder,Fraskilt,2016,37,148
Odense,Kvinder,Fraskilt,2016,38,153
Odense,Kvinder,Fraskilt,2016,39,151
Odense,Kvinder,Fraskilt,2016,40,190
Odense,Kvinder,Fraskilt,2017,30,45
Odense,Kvinder,Fraskilt,2017,31,57
Odense,Kvinder,Fraskilt,2017,32,51
Odense,Kvinder,Fraskilt,2017,33,58
Odense,Kvinder,Fraskilt,2017,34,102
Odense,Kvinder,Fraskilt,2017,35,92
Odense,Kvinder,Fraskilt,2017,36,102
Odense,Kvinder,Fraskilt,2017,37,117
Odense,Kvinder,Fraskilt,2017,38,156
Odense,Kvinder,Fraskilt,2017,39,164
Odense,Kvinder,Fraskilt,2017,40,163
Odense,Kvinder,Fraskilt,2018,30,47
Odense,Kvinder,Fraskilt,2018,31,49
Odense,Kvinder,Fraskilt,2018,32,67
Odense,Kvinder,Fraskilt,2018,33,61
Odense,Kvinder,Fraskilt,2018,34,70
Odense,Kvinder,Fraskilt,2018,35,102
Odense,Kvinder,Fraskilt,2018,36,97
Odense,Kvinder,Fraskilt,2018,37,105
Odense,Kvinder,Fraskilt,2018,38,126
Odense,Kvinder,Fraskilt,2018,39,155
Odense,Kvinder,Fraskilt,2018,40,177
Odense,Kvinder,Fraskilt,2019,30,39
Odense,Kvinder,Fraskilt,2019,31,49
Odense,Kvinder,Fraskilt,2019,32,56
Odense,Kvinder,Fraskilt,2019,33,76
Odense,Kvinder,Fraskilt,2019,34,64
Odense,Kvinder,Fraskilt,2019,35,85
Odense,Kvinder,Fraskilt,2019,36,113
Odense,Kvinder,Fraskilt,2019,37,104
Odense,Kvinder,Fraskilt,2019,38,105
Odense,Kvinder,Fraskilt,2019,39,142
Odense,Kvinder,Fraskilt,2019,40,154
Odense,Kvinder,Fraskilt,2020,30,39
Odense,Kvinder,Fraskilt,2020,31,41
Odense,Kvinder,Fraskilt,2020,32,54
Odense,Kvinder,Fraskilt,2020,33,63
Odense,Kvinder,Fraskilt,2020,34,84
Odense,Kvinder,Fraskilt,2020,35,75
Odense,Kvinder,Fraskilt,2020,36,98
Odense,Kvinder,Fraskilt,2020,37,121
Odense,Kvinder,Fraskilt,2020,38,110
Odense,Kvinder,Fraskilt,2020,39,115
Odense,Kvinder,Fraskilt,2020,40,152
