OMRÅDE;KØN;CIVILSTAND;TID;ALDER;INDHOLD
København;Mænd;Ugift;2016K4;30 år;6033
København;Mænd;Ugift;2016K4;31 år;5250
København;Mænd;Ugift;2016K4;32 år;4648
København;Mænd;Ugift;2016K4;33 år;4116
København;Mænd;Ugift;2016K4;34 år;3611
København;Mænd;Ugift;2016K4;35 år;3396
København;Mænd;Ugift;2016K4;36 år;3249
København;Mænd;Ugift;2016K4;37 år;2973
København;Mænd;Ugift;2016K4;38 år;2634
København;Mænd;Ugift;2016K4;39 år;2363
København;Mænd;Ugift;2016K4;40 år;2303
København;Mænd;Ugift;2017K4;30 år;6029
København;Mænd;Ugift;2017K4;31 år;5538
København;Mænd;Ugift;2017K4;32 år;4824
København;Mænd;Ugift;2017K4;33 år;4180
København;Mænd;Ugift;2017K4;34 år;3785
København;Mænd;Ugift;2017K4;35 år;3226
København;Mænd;Ugift;2017K4;36 år;3081
København;Mænd;Ugift;2017K4;37 år;2965
København;Mænd;Ugift;2017K4;38 år;2754
København;Mænd;Ugift;2017K4;39 år;2427
København;Mænd;Ugift;2017K4;40 år;2205
København;Mænd;Ugift;2018K4;30 år;6274
København;Mænd;Ugift;2018K4;31 år;5592
København;Mænd;Ugift;2018K4;32 år;4996
København;Mænd;Ugift;2018K4;33 år;4413
København;Mænd;Ugift;2018K4;34 år;3810
København;Mænd;Ugift;2018K4;35 år;3454
København;Mænd;Ugift;2018K4;36 år;2992
København;Mænd;Ugift;2018K4;37 år;2860
København;Mænd;Ugift;2018K4;38 år;2772
København;Mænd;Ugift;2018K4;39 år;2549
København;Mænd;Ugift;2018K4;40 år;2283
København;Mænd;Ugift;2019K4;30 år;6647
København;Mænd;Ugift;2019K4;31 år;5751
København;Mænd;Ugift;2019K4;32 år;5095
København;Mænd;Ugift;2019K4;33 år;4556
København;Mænd;Ugift;2019K4;34 år;3928
København;Mænd;Ugift;2019K4;35 år;3460
København;Mænd;Ugift;2019K4;36 år;3150
København;Mænd;Ugift;2019K4;37 år;2741
København;Mænd;Ugift;2019K4;38 år;2626
København;Mænd;Ugift;2019K4;39 år;2576
København;Mænd;Ugift;2019K4;40 år;2355
København;Mænd;Ugift;2020K4;30 år;6893
København;Mænd;Ugift;2020K4;31 år;6131
København;Mænd;Ugift;2020K4;32 år;5242
København;Mænd;Ugift;2020K4;33 år;4617
København;Mænd;Ugift;2020K4;34 år;4118
København;Mænd;Ugift;2020K4;35 år;3550
København;Mænd;Ugift;2020K4;36 år;3122
København;Mænd;Ugift;2020K4;37 år;2869
København;Mænd;Ugift;2020K4;38 år;2532
København;Mænd;Ugift;2020K4;39 år;2416
København;Mænd;Ugift;2020K4;40 år;2394
København;Mænd;Gift/separeret;2016K4;30 år;1238
København;Mænd;Gift/separeret;2016K4;31 år;1439
København;Mænd;Gift/separeret;2016K4;32 år;1582
København;Mænd;Gift/separeret;2016K4;33 år;1705
København;Mænd;Gift/separeret;2016K4;34 år;1779
København;Mænd;Gift/separeret;2016K4;35 år;1796
København;Mænd;Gift/separeret;2016K4;36 år;1913
København;Mænd;Gift/separeret;2016K4;37 år;1819
København;Mænd;Gift/separeret;2016K4;38 år;1965
København;Mænd;Gift/separeret;2016K4;39 år;1885
København;Mænd;Gift/separeret;2016K4;40 år;2008
København;Mænd;Gift/separeret;2017K4;30 år;1263
København;Mænd;Gift/separeret;2017K4;31 år;1466
København;Mænd;Gift/separeret;2017K4;32 år;1575
København;Mænd;Gift/separeret;2017K4;33 år;1740
København;Mænd;Gift/separeret;2017K4;34 år;1808
København;Mænd;Gift/separeret;2017K4;35 år;1797
København;Mænd;Gift/separeret;2017K4;36 år;1855
København;Mænd;Gift/separeret;2017K4;37 år;1941
København;Mænd;Gift/separeret;2017K4;38 år;1868
København;Mænd;Gift/separeret;2017K4;39 år;1958
København;Mænd;Gift/separeret;2017K4;40 år;1910
København;Mænd;Gift/separeret;2018K4;30 år;1258
København;Mænd;Gift/separeret;2018K4;31 år;1486
København;Mænd;Gift/separeret;2018K4;32 år;1683
København;Mænd;Gift/separeret;2018K4;33 år;1680
København;Mænd;Gift/separeret;2018K4;34 år;1845
København;Mænd;Gift/separeret;2018K4;35 år;1909
København;Mænd;Gift/separeret;2018K4;36 år;1808
København;Mænd;Gift/separeret;2018K4;37 år;1865
København;Mænd;Gift/separeret;2018K4;38 år;1945
København;Mænd;Gift/separeret;2018K4;39 år;1904
København;Mænd;Gift/separeret;2018K4;40 år;1967
København;Mænd;Gift/separeret;2019K4;30 år;1254
København;Mænd;Gift/separeret;2019K4;31 år;1534
København;Mænd;Gift/separeret;2019K4;32 år;1645
København;Mænd;Gift/separeret;2019K4;33 år;1753
København;Mænd;Gift/separeret;2019K4;34 år;1789
København;Mænd;Gift/separeret;2019K4;35 år;1908
København;Mænd;Gift/separeret;2019K4;36 år;1976
København;Mænd;Gift/separeret;2019K4;37 år;1818
København;Mænd;Gift/separeret;2019K4;38 år;1866
København;Mænd;Gift/separeret;2019K4;39 år;1947
København;Mænd;Gift/separeret;2019K4;40 år;1927
København;Mænd;Gift/separeret;2020K4;30 år;1212
København;Mænd;Gift/separeret;2020K4;31 år;1408
København;Mænd;Gift/separeret;2020K4;32 år;1658
København;Mænd;Gift/separeret;2020K4;33 år;1679
København;Mænd;Gift/separeret;2020K4;34 år;1778
København;Mænd;Gift/separeret;2020K4;35 år;1769
København;Mænd;Gift/separeret;2020K4;36 år;1859
København;Mænd;Gift/separeret;2020K4;37 år;1990
København;Mænd;Gift/separeret;2020K4;38 år;1779
København;Mænd;Gift/separeret;2020K4;39 år;1832
København;Mænd;Gift/separeret;2020K4;40 år;1921
København;Mænd;Enke/enkemand;2016K4;30 år;1
København;Mænd;Enke/enkemand;2016K4;31 år;1
København;Mænd;Enke/enkemand;2016K4;32 år;1
København;Mænd;Enke/enkemand;2016K4;33 år;1
København;Mænd;Enke/enkemand;2016K4;34 år;0
København;Mænd;Enke/enkemand;2016K4;35 år;2
København;Mænd;Enke/enkemand;2016K4;36 år;5
København;Mænd;Enke/enkemand;2016K4;37 år;1
København;Mænd;Enke/enkemand;2016K4;38 år;7
København;Mænd;Enke/enkemand;2016K4;39 år;10
København;Mænd;Enke/enkemand;2016K4;40 år;7
København;Mænd;Enke/enkemand;2017K4;30 år;0
København;Mænd;Enke/enkemand;2017K4;31 år;1
København;Mænd;Enke/enkemand;2017K4;32 år;0
København;Mænd;Enke/enkemand;2017K4;33 år;1
København;Mænd;Enke/enkemand;2017K4;34 år;2
København;Mænd;Enke/enkemand;2017K4;35 år;1
København;Mænd;Enke/enkemand;2017K4;36 år;2
København;Mænd;Enke/enkemand;2017K4;37 år;5
København;Mænd;Enke/enkemand;2017K4;38 år;2
København;Mænd;Enke/enkemand;2017K4;39 år;7
København;Mænd;Enke/enkemand;2017K4;40 år;10
København;Mænd;Enke/enkemand;2018K4;30 år;0
København;Mænd;Enke/enkemand;2018K4;31 år;0
København;Mænd;Enke/enkemand;2018K4;32 år;0
København;Mænd;Enke/enkemand;2018K4;33 år;1
København;Mænd;Enke/enkemand;2018K4;34 år;1
København;Mænd;Enke/enkemand;2018K4;35 år;1
København;Mænd;Enke/enkemand;2018K4;36 år;2
København;Mænd;Enke/enkemand;2018K4;37 år;3
København;Mænd;Enke/enkemand;2018K4;38 år;7
København;Mænd;Enke/enkemand;2018K4;39 år;2
København;Mænd;Enke/enkemand;2018K4;40 år;7
København;Mænd;Enke/enkemand;2019K4;30 år;2
København;Mænd;Enke/enkemand;2019K4;31 år;0
København;Mænd;Enke/enkemand;2019K4;32 år;1
København;Mænd;Enke/enkemand;2019K4;33 år;1
København;Mænd;Enke/enkemand;2019K4;34 år;1
København;Mænd;Enke/enkemand;2019K4;35 år;1
København;Mænd;Enke/enkemand;2019K4;36 år;2
København;Mænd;Enke/enkemand;2019K4;37 år;1
København;Mænd;Enke/enkemand;2019K4;38 år;5
København;Mænd;Enke/enkemand;2019K4;39 år;7
København;Mænd;Enke/enkemand;2019K4;40 år;2
København;Mænd;Enke/enkemand;2020K4;30 år;0
København;Mænd;Enke/enkemand;2020K4;31 år;4
København;Mænd;Enke/enkemand;2020K4;32 år;0
København;Mænd;Enke/enkemand;2020K4;33 år;2
København;Mænd;Enke/enkemand;2020K4;34 år;1
København;Mænd;Enke/enkemand;2020K4;35 år;2
København;Mænd;Enke/enkemand;2020K4;36 år;1
København;Mænd;Enke/enkemand;2020K4;37 år;2
København;Mænd;Enke/enkemand;2020K4;38 år;1
København;Mænd;Enke/enkemand;2020K4;39 år;5
København;Mænd;Enke/enkemand;2020K4;40 år;7
København;Mænd;Fraskilt;2016K4;30 år;91
København;Mænd;Fraskilt;2016K4;31 år;129
København;Mænd;Fraskilt;2016K4;32 år;148
København;Mænd;Fraskilt;2016K4;33 år;155
København;Mænd;Fraskilt;2016K4;34 år;207
København;Mænd;Fraskilt;2016K4;35 år;228
København;Mænd;Fraskilt;2016K4;36 år;257
København;Mænd;Fraskilt;2016K4;37 år;337
København;Mænd;Fraskilt;2016K4;38 år;316
København;Mænd;Fraskilt;2016K4;39 år;363
København;Mænd;Fraskilt;2016K4;40 år;439
København;Mænd;Fraskilt;2017K4;30 år;94
København;Mænd;Fraskilt;2017K4;31 år;121
København;Mænd;Fraskilt;2017K4;32 år;150
København;Mænd;Fraskilt;2017K4;33 år;169
København;Mænd;Fraskilt;2017K4;34 år;177
København;Mænd;Fraskilt;2017K4;35 år;233
København;Mænd;Fraskilt;2017K4;36 år;250
København;Mænd;Fraskilt;2017K4;37 år;277
København;Mænd;Fraskilt;2017K4;38 år;349
København;Mænd;Fraskilt;2017K4;39 år;335
København;Mænd;Fraskilt;2017K4;40 år;378
København;Mænd;Fraskilt;2018K4;30 år;92
København;Mænd;Fraskilt;2018K4;31 år;108
København;Mænd;Fraskilt;2018K4;32 år;145
København;Mænd;Fraskilt;2018K4;33 år;175
København;Mænd;Fraskilt;2018K4;34 år;181
København;Mænd;Fraskilt;2018K4;35 år;208
København;Mænd;Fraskilt;2018K4;36 år;255
København;Mænd;Fraskilt;2018K4;37 år;261
København;Mænd;Fraskilt;2018K4;38 år;294
København;Mænd;Fraskilt;2018K4;39 år;360
København;Mænd;Fraskilt;2018K4;40 år;355
København;Mænd;Fraskilt;2019K4;30 år;95
København;Mænd;Fraskilt;2019K4;31 år;113
København;Mænd;Fraskilt;2019K4;32 år;123
København;Mænd;Fraskilt;2019K4;33 år;172
København;Mænd;Fraskilt;2019K4;34 år;176
København;Mænd;Fraskilt;2019K4;35 år;207
København;Mænd;Fraskilt;2019K4;36 år;216
København;Mænd;Fraskilt;2019K4;37 år;260
København;Mænd;Fraskilt;2019K4;38 år;270
København;Mænd;Fraskilt;2019K4;39 år;311
København;Mænd;Fraskilt;2019K4;40 år;368
København;Mænd;Fraskilt;2020K4;30 år;71
København;Mænd;Fraskilt;2020K4;31 år;111
København;Mænd;Fraskilt;2020K4;32 år;138
København;Mænd;Fraskilt;2020K4;33 år;155
København;Mænd;Fraskilt;2020K4;34 år;177
København;Mænd;Fraskilt;2020K4;35 år;188
København;Mænd;Fraskilt;2020K4;36 år;233
København;Mænd;Fraskilt;2020K4;37 år;235
København;Mænd;Fraskilt;2020K4;38 år;280
København;Mænd;Fraskilt;2020K4;39 år;278
København;Mænd;Fraskilt;2020K4;40 år;326
København;Kvinder;Ugift;2016K4;30 år;5335
København;Kvinder;Ugift;2016K4;31 år;4770
København;Kvinder;Ugift;2016K4;32 år;3922
København;Kvinder;Ugift;2016K4;33 år;3513
København;Kvinder;Ugift;2016K4;34 år;3069
København;Kvinder;Ugift;2016K4;35 år;2707
København;Kvinder;Ugift;2016K4;36 år;2594
København;Kvinder;Ugift;2016K4;37 år;2304
København;Kvinder;Ugift;2016K4;38 år;2110
København;Kvinder;Ugift;2016K4;39 år;1803
København;Kvinder;Ugift;2016K4;40 år;1734
København;Kvinder;Ugift;2017K4;30 år;5553
København;Kvinder;Ugift;2017K4;31 år;4817
København;Kvinder;Ugift;2017K4;32 år;4284
København;Kvinder;Ugift;2017K4;33 år;3539
København;Kvinder;Ugift;2017K4;34 år;3180
København;Kvinder;Ugift;2017K4;35 år;2814
København;Kvinder;Ugift;2017K4;36 år;2475
København;Kvinder;Ugift;2017K4;37 år;2371
København;Kvinder;Ugift;2017K4;38 år;2122
København;Kvinder;Ugift;2017K4;39 år;1971
København;Kvinder;Ugift;2017K4;40 år;1690
København;Kvinder;Ugift;2018K4;30 år;5840
København;Kvinder;Ugift;2018K4;31 år;5021
København;Kvinder;Ugift;2018K4;32 år;4331
København;Kvinder;Ugift;2018K4;33 år;3867
København;Kvinder;Ugift;2018K4;34 år;3217
København;Kvinder;Ugift;2018K4;35 år;2884
København;Kvinder;Ugift;2018K4;36 år;2558
København;Kvinder;Ugift;2018K4;37 år;2309
København;Kvinder;Ugift;2018K4;38 år;2164
København;Kvinder;Ugift;2018K4;39 år;1998
København;Kvinder;Ugift;2018K4;40 år;1832
København;Kvinder;Ugift;2019K4;30 år;6280
København;Kvinder;Ugift;2019K4;31 år;5259
København;Kvinder;Ugift;2019K4;32 år;4572
København;Kvinder;Ugift;2019K4;33 år;4009
København;Kvinder;Ugift;2019K4;34 år;3474
København;Kvinder;Ugift;2019K4;35 år;2904
København;Kvinder;Ugift;2019K4;36 år;2613
København;Kvinder;Ugift;2019K4;37 år;2349
København;Kvinder;Ugift;2019K4;38 år;2129
København;Kvinder;Ugift;2019K4;39 år;2018
København;Kvinder;Ugift;2019K4;40 år;1876
København;Kvinder;Ugift;2020K4;30 år;6442
København;Kvinder;Ugift;2020K4;31 år;5684
København;Kvinder;Ugift;2020K4;32 år;4725
København;Kvinder;Ugift;2020K4;33 år;4090
København;Kvinder;Ugift;2020K4;34 år;3586
København;Kvinder;Ugift;2020K4;35 år;3119
København;Kvinder;Ugift;2020K4;36 år;2629
København;Kvinder;Ugift;2020K4;37 år;2420
København;Kvinder;Ugift;2020K4;38 år;2179
København;Kvinder;Ugift;2020K4;39 år;1967
København;Kvinder;Ugift;2020K4;40 år;1892
København;Kvinder;Gift/separeret;2016K4;30 år;1663
København;Kvinder;Gift/separeret;2016K4;31 år;1836
København;Kvinder;Gift/separeret;2016K4;32 år;1879
København;Kvinder;Gift/separeret;2016K4;33 år;1835
København;Kvinder;Gift/separeret;2016K4;34 år;1889
København;Kvinder;Gift/separeret;2016K4;35 år;2020
København;Kvinder;Gift/separeret;2016K4;36 år;1969
København;Kvinder;Gift/separeret;2016K4;37 år;2020
København;Kvinder;Gift/separeret;2016K4;38 år;2023
København;Kvinder;Gift/separeret;2016K4;39 år;1959
København;Kvinder;Gift/separeret;2016K4;40 år;1956
København;Kvinder;Gift/separeret;2017K4;30 år;1783
København;Kvinder;Gift/separeret;2017K4;31 år;1813
København;Kvinder;Gift/separeret;2017K4;32 år;1967
København;Kvinder;Gift/separeret;2017K4;33 år;1934
København;Kvinder;Gift/separeret;2017K4;34 år;1892
København;Kvinder;Gift/separeret;2017K4;35 år;1902
København;Kvinder;Gift/separeret;2017K4;36 år;2006
København;Kvinder;Gift/separeret;2017K4;37 år;2001
København;Kvinder;Gift/separeret;2017K4;38 år;1987
København;Kvinder;Gift/separeret;2017K4;39 år;1979
København;Kvinder;Gift/separeret;2017K4;40 år;1937
København;Kvinder;Gift/separeret;2018K4;30 år;1789
København;Kvinder;Gift/separeret;2018K4;31 år;1948
København;Kvinder;Gift/separeret;2018K4;32 år;1940
København;Kvinder;Gift/separeret;2018K4;33 år;2001
København;Kvinder;Gift/separeret;2018K4;34 år;2024
København;Kvinder;Gift/separeret;2018K4;35 år;1887
København;Kvinder;Gift/separeret;2018K4;36 år;1896
København;Kvinder;Gift/separeret;2018K4;37 år;1993
København;Kvinder;Gift/separeret;2018K4;38 år;2003
København;Kvinder;Gift/separeret;2018K4;39 år;1955
København;Kvinder;Gift/separeret;2018K4;40 år;1960
København;Kvinder;Gift/separeret;2019K4;30 år;1822
København;Kvinder;Gift/separeret;2019K4;31 år;1974
København;Kvinder;Gift/separeret;2019K4;32 år;2018
København;Kvinder;Gift/separeret;2019K4;33 år;2017
København;Kvinder;Gift/separeret;2019K4;34 år;2038
København;Kvinder;Gift/separeret;2019K4;35 år;2030
København;Kvinder;Gift/separeret;2019K4;36 år;1880
København;Kvinder;Gift/separeret;2019K4;37 år;1883
København;Kvinder;Gift/separeret;2019K4;38 år;2005
København;Kvinder;Gift/separeret;2019K4;39 år;1980
København;Kvinder;Gift/separeret;2019K4;40 år;1924
København;Kvinder;Gift/separeret;2020K4;30 år;1654
København;Kvinder;Gift/separeret;2020K4;31 år;1911
København;Kvinder;Gift/separeret;2020K4;32 år;2031
København;Kvinder;Gift/separeret;2020K4;33 år;1998
København;Kvinder;Gift/separeret;2020K4;34 år;2010
København;Kvinder;Gift/separeret;2020K4;35 år;2022
København;Kvinder;Gift/separeret;2020K4;36 år;1990
København;Kvinder;Gift/separeret;2020K4;37 år;1816
København;Kvinder;Gift/separeret;2020K4;38 år;1827
København;Kvinder;Gift/separeret;2020K4;39 år;1960
København;Kvinder;Gift/separeret;2020K4;40 år;1952
København;Kvinder;Enke/enkemand;2016K4;30 år;2
København;Kvinder;Enke/enkemand;2016K4;31 år;3
København;Kvinder;Enke/enkemand;2016K4;32 år;9
København;Kvinder;Enke/enkemand;2016K4;33 år;9
København;Kvinder;Enke/enkemand;2016K4;34 år;7
København;Kvinder;Enke/enkemand;2016K4;35 år;6
København;Kvinder;Enke/enkemand;2016K4;36 år;15
København;Kvinder;Enke/enkemand;2016K4;37 år;10
København;Kvinder;Enke/enkemand;2016K4;38 år;10
København;Kvinder;Enke/enkemand;2016K4;39 år;10
København;Kvinder;Enke/enkemand;2016K4;40 år;20
København;Kvinder;Enke/enkemand;2017K4;30 år;2
København;Kvinder;Enke/enkemand;2017K4;31 år;3
København;Kvinder;Enke/enkemand;2017K4;32 år;2
København;Kvinder;Enke/enkemand;2017K4;33 år;9
København;Kvinder;Enke/enkemand;2017K4;34 år;7
København;Kvinder;Enke/enkemand;2017K4;35 år;6
København;Kvinder;Enke/enkemand;2017K4;36 år;6
København;Kvinder;Enke/enkemand;2017K4;37 år;12
København;Kvinder;Enke/enkemand;2017K4;38 år;15
København;Kvinder;Enke/enkemand;2017K4;39 år;10
København;Kvinder;Enke/enkemand;2017K4;40 år;11
København;Kvinder;Enke/enkemand;2018K4;30 år;6
København;Kvinder;Enke/enkemand;2018K4;31 år;2
København;Kvinder;Enke/enkemand;2018K4;32 år;1
København;Kvinder;Enke/enkemand;2018K4;33 år;2
København;Kvinder;Enke/enkemand;2018K4;34 år;7
København;Kvinder;Enke/enkemand;2018K4;35 år;7
København;Kvinder;Enke/enkemand;2018K4;36 år;7
København;Kvinder;Enke/enkemand;2018K4;37 år;8
København;Kvinder;Enke/enkemand;2018K4;38 år;12
København;Kvinder;Enke/enkemand;2018K4;39 år;19
København;Kvinder;Enke/enkemand;2018K4;40 år;12
København;Kvinder;Enke/enkemand;2019K4;30 år;3
København;Kvinder;Enke/enkemand;2019K4;31 år;3
København;Kvinder;Enke/enkemand;2019K4;32 år;1
København;Kvinder;Enke/enkemand;2019K4;33 år;1
København;Kvinder;Enke/enkemand;2019K4;34 år;5
København;Kvinder;Enke/enkemand;2019K4;35 år;9
København;Kvinder;Enke/enkemand;2019K4;36 år;8
København;Kvinder;Enke/enkemand;2019K4;37 år;11
København;Kvinder;Enke/enkemand;2019K4;38 år;10
København;Kvinder;Enke/enkemand;2019K4;39 år;11
København;Kvinder;Enke/enkemand;2019K4;40 år;19
København;Kvinder;Enke/enkemand;2020K4;30 år;3
København;Kvinder;Enke/enkemand;2020K4;31 år;5
København;Kvinder;Enke/enkemand;2020K4;32 år;4
København;Kvinder;Enke/enkemand;2020K4;33 år;2
København;Kvinder;Enke/enkemand;2020K4;34 år;2
København;Kvinder;Enke/enkemand;2020K4;35 år;4
København;Kvinder;Enke/enkemand;2020K4;36 år;9
København;Kvinder;Enke/enkemand;2020K4;37 år;7
København;Kvinder;Enke/enkemand;2020K4;38 år;12
København;Kvinder;Enke/enkemand;2020K4;39 år;10
København;Kvinder;Enke/enkemand;2020K4;40 år;12
København;Kvinder;Fraskilt;2016K4;30 år;173
København;Kvinder;Fraskilt;2016K4;31 år;233
København;Kvinder;Fraskilt;2016K4;32 år;227
København;Kvinder;Fraskilt;2016K4;33 år;252
København;Kvinder;Fraskilt;2016K4;34 år;297
København;Kvinder;Fraskilt;2016K4;35 år;345
København;Kvinder;Fraskilt;2016K4;36 år;426
København;Kvinder;Fraskilt;2016K4;37 år;437
København;Kvinder;Fraskilt;2016K4;38 år;454
København;Kvinder;Fraskilt;2016K4;39 år;482
København;Kvinder;Fraskilt;2016K4;40 år;584
København;Kvinder;Fraskilt;2017K4;30 år;179
København;Kvinder;Fraskilt;2017K4;31 år;183
København;Kvinder;Fraskilt;2017K4;32 år;249
København;Kvinder;Fraskilt;2017K4;33 år;261
København;Kvinder;Fraskilt;2017K4;34 år;263
København;Kvinder;Fraskilt;2017K4;35 år;330
København;Kvinder;Fraskilt;2017K4;36 år;360
København;Kvinder;Fraskilt;2017K4;37 år;434
København;Kvinder;Fraskilt;2017K4;38 år;462
København;Kvinder;Fraskilt;2017K4;39 år;496
København;Kvinder;Fraskilt;2017K4;40 år;497
København;Kvinder;Fraskilt;2018K4;30 år;184
København;Kvinder;Fraskilt;2018K4;31 år;199
København;Kvinder;Fraskilt;2018K4;32 år;222
København;Kvinder;Fraskilt;2018K4;33 år;252
København;Kvinder;Fraskilt;2018K4;34 år;290
København;Kvinder;Fraskilt;2018K4;35 år;293
København;Kvinder;Fraskilt;2018K4;36 år;351
København;Kvinder;Fraskilt;2018K4;37 år;383
København;Kvinder;Fraskilt;2018K4;38 år;456
København;Kvinder;Fraskilt;2018K4;39 år;487
København;Kvinder;Fraskilt;2018K4;40 år;519
København;Kvinder;Fraskilt;2019K4;30 år;152
København;Kvinder;Fraskilt;2019K4;31 år;197
København;Kvinder;Fraskilt;2019K4;32 år;234
København;Kvinder;Fraskilt;2019K4;33 år;233
København;Kvinder;Fraskilt;2019K4;34 år;274
København;Kvinder;Fraskilt;2019K4;35 år;308
København;Kvinder;Fraskilt;2019K4;36 år;320
København;Kvinder;Fraskilt;2019K4;37 år;365
København;Kvinder;Fraskilt;2019K4;38 år;397
København;Kvinder;Fraskilt;2019K4;39 år;479
København;Kvinder;Fraskilt;2019K4;40 år;508
København;Kvinder;Fraskilt;2020K4;30 år;130
København;Kvinder;Fraskilt;2020K4;31 år;192
København;Kvinder;Fraskilt;2020K4;32 år;226
København;Kvinder;Fraskilt;2020K4;33 år;262
København;Kvinder;Fraskilt;2020K4;34 år;247
København;Kvinder;Fraskilt;2020K4;35 år;300
København;Kvinder;Fraskilt;2020K4;36 år;329
København;Kvinder;Fraskilt;2020K4;37 år;345
København;Kvinder;Fraskilt;2020K4;38 år;377
København;Kvinder;Fraskilt;2020K4;39 år;435
København;Kvinder;Fraskilt;2020K4;40 år;503
Aalborg;Mænd;Ugift;2016K4;30 år;1235
Aalborg;Mænd;Ugift;2016K4;31 år;1087
Aalborg;Mænd;Ugift;2016K4;32 år;904
Aalborg;Mænd;Ugift;2016K4;33 år;788
Aalborg;Mænd;Ugift;2016K4;34 år;794
Aalborg;Mænd;Ugift;2016K4;35 år;651
Aalborg;Mænd;Ugift;2016K4;36 år;657
Aalborg;Mænd;Ugift;2016K4;37 år;589
Aalborg;Mænd;Ugift;2016K4;38 år;563
Aalborg;Mænd;Ugift;2016K4;39 år;510
Aalborg;Mænd;Ugift;2016K4;40 år;519
Aalborg;Mænd;Ugift;2017K4;30 år;1208
Aalborg;Mænd;Ugift;2017K4;31 år;1115
Aalborg;Mænd;Ugift;2017K4;32 år;979
Aalborg;Mænd;Ugift;2017K4;33 år;839
Aalborg;Mænd;Ugift;2017K4;34 år;723
Aalborg;Mænd;Ugift;2017K4;35 år;736
Aalborg;Mænd;Ugift;2017K4;36 år;607
Aalborg;Mænd;Ugift;2017K4;37 år;616
Aalborg;Mænd;Ugift;2017K4;38 år;549
Aalborg;Mænd;Ugift;2017K4;39 år;532
Aalborg;Mænd;Ugift;2017K4;40 år;487
Aalborg;Mænd;Ugift;2018K4;30 år;1259
Aalborg;Mænd;Ugift;2018K4;31 år;1117
Aalborg;Mænd;Ugift;2018K4;32 år;1007
Aalborg;Mænd;Ugift;2018K4;33 år;866
Aalborg;Mænd;Ugift;2018K4;34 år;773
Aalborg;Mænd;Ugift;2018K4;35 år;666
Aalborg;Mænd;Ugift;2018K4;36 år;691
Aalborg;Mænd;Ugift;2018K4;37 år;568
Aalborg;Mænd;Ugift;2018K4;38 år;575
Aalborg;Mænd;Ugift;2018K4;39 år;523
Aalborg;Mænd;Ugift;2018K4;40 år;516
Aalborg;Mænd;Ugift;2019K4;30 år;1278
Aalborg;Mænd;Ugift;2019K4;31 år;1163
Aalborg;Mænd;Ugift;2019K4;32 år;1027
Aalborg;Mænd;Ugift;2019K4;33 år;932
Aalborg;Mænd;Ugift;2019K4;34 år;827
Aalborg;Mænd;Ugift;2019K4;35 år;717
Aalborg;Mænd;Ugift;2019K4;36 år;638
Aalborg;Mænd;Ugift;2019K4;37 år;653
Aalborg;Mænd;Ugift;2019K4;38 år;541
Aalborg;Mænd;Ugift;2019K4;39 år;525
Aalborg;Mænd;Ugift;2019K4;40 år;493
Aalborg;Mænd;Ugift;2020K4;30 år;1426
Aalborg;Mænd;Ugift;2020K4;31 år;1181
Aalborg;Mænd;Ugift;2020K4;32 år;1099
Aalborg;Mænd;Ugift;2020K4;33 år;931
Aalborg;Mænd;Ugift;2020K4;34 år;864
Aalborg;Mænd;Ugift;2020K4;35 år;750
Aalborg;Mænd;Ugift;2020K4;36 år;673
Aalborg;Mænd;Ugift;2020K4;37 år;611
Aalborg;Mænd;Ugift;2020K4;38 år;631
Aalborg;Mænd;Ugift;2020K4;39 år;518
Aalborg;Mænd;Ugift;2020K4;40 år;501
Aalborg;Mænd;Gift/separeret;2016K4;30 år;323
Aalborg;Mænd;Gift/separeret;2016K4;31 år;361
Aalborg;Mænd;Gift/separeret;2016K4;32 år;439
Aalborg;Mænd;Gift/separeret;2016K4;33 år;417
Aalborg;Mænd;Gift/separeret;2016K4;34 år;518
Aalborg;Mænd;Gift/separeret;2016K4;35 år;515
Aalborg;Mænd;Gift/separeret;2016K4;36 år;563
Aalborg;Mænd;Gift/separeret;2016K4;37 år;626
Aalborg;Mænd;Gift/separeret;2016K4;38 år;633
Aalborg;Mænd;Gift/separeret;2016K4;39 år;662
Aalborg;Mænd;Gift/separeret;2016K4;40 år;643
Aalborg;Mænd;Gift/separeret;2017K4;30 år;378
Aalborg;Mænd;Gift/separeret;2017K4;31 år;393
Aalborg;Mænd;Gift/separeret;2017K4;32 år;413
Aalborg;Mænd;Gift/separeret;2017K4;33 år;474
Aalborg;Mænd;Gift/separeret;2017K4;34 år;431
Aalborg;Mænd;Gift/separeret;2017K4;35 år;550
Aalborg;Mænd;Gift/separeret;2017K4;36 år;534
Aalborg;Mænd;Gift/separeret;2017K4;37 år;581
Aalborg;Mænd;Gift/separeret;2017K4;38 år;617
Aalborg;Mænd;Gift/separeret;2017K4;39 år;631
Aalborg;Mænd;Gift/separeret;2017K4;40 år;665
Aalborg;Mænd;Gift/separeret;2018K4;30 år;320
Aalborg;Mænd;Gift/separeret;2018K4;31 år;415
Aalborg;Mænd;Gift/separeret;2018K4;32 år;444
Aalborg;Mænd;Gift/separeret;2018K4;33 år;460
Aalborg;Mænd;Gift/separeret;2018K4;34 år;518
Aalborg;Mænd;Gift/separeret;2018K4;35 år;460
Aalborg;Mænd;Gift/separeret;2018K4;36 år;574
Aalborg;Mænd;Gift/separeret;2018K4;37 år;549
Aalborg;Mænd;Gift/separeret;2018K4;38 år;612
Aalborg;Mænd;Gift/separeret;2018K4;39 år;641
Aalborg;Mænd;Gift/separeret;2018K4;40 år;634
Aalborg;Mænd;Gift/separeret;2019K4;30 år;327
Aalborg;Mænd;Gift/separeret;2019K4;31 år;366
Aalborg;Mænd;Gift/separeret;2019K4;32 år;458
Aalborg;Mænd;Gift/separeret;2019K4;33 år;466
Aalborg;Mænd;Gift/separeret;2019K4;34 år;487
Aalborg;Mænd;Gift/separeret;2019K4;35 år;543
Aalborg;Mænd;Gift/separeret;2019K4;36 år;479
Aalborg;Mænd;Gift/separeret;2019K4;37 år;584
Aalborg;Mænd;Gift/separeret;2019K4;38 år;556
Aalborg;Mænd;Gift/separeret;2019K4;39 år;628
Aalborg;Mænd;Gift/separeret;2019K4;40 år;644
Aalborg;Mænd;Gift/separeret;2020K4;30 år;306
Aalborg;Mænd;Gift/separeret;2020K4;31 år;346
Aalborg;Mænd;Gift/separeret;2020K4;32 år;387
Aalborg;Mænd;Gift/separeret;2020K4;33 år;504
Aalborg;Mænd;Gift/separeret;2020K4;34 år;502
Aalborg;Mænd;Gift/separeret;2020K4;35 år;527
Aalborg;Mænd;Gift/separeret;2020K4;36 år;554
Aalborg;Mænd;Gift/separeret;2020K4;37 år;485
Aalborg;Mænd;Gift/separeret;2020K4;38 år;571
Aalborg;Mænd;Gift/separeret;2020K4;39 år;582
Aalborg;Mænd;Gift/separeret;2020K4;40 år;637
Aalborg;Mænd;Enke/enkemand;2016K4;30 år;0
Aalborg;Mænd;Enke/enkemand;2016K4;31 år;1
Aalborg;Mænd;Enke/enkemand;2016K4;32 år;0
Aalborg;Mænd;Enke/enkemand;2016K4;33 år;0
Aalborg;Mænd;Enke/enkemand;2016K4;34 år;1
Aalborg;Mænd;Enke/enkemand;2016K4;35 år;1
Aalborg;Mænd;Enke/enkemand;2016K4;36 år;1
Aalborg;Mænd;Enke/enkemand;2016K4;37 år;0
Aalborg;Mænd;Enke/enkemand;2016K4;38 år;1
Aalborg;Mænd;Enke/enkemand;2016K4;39 år;1
Aalborg;Mænd;Enke/enkemand;2016K4;40 år;2
Aalborg;Mænd;Enke/enkemand;2017K4;30 år;1
Aalborg;Mænd;Enke/enkemand;2017K4;31 år;0
Aalborg;Mænd;Enke/enkemand;2017K4;32 år;1
Aalborg;Mænd;Enke/enkemand;2017K4;33 år;0
Aalborg;Mænd;Enke/enkemand;2017K4;34 år;1
Aalborg;Mænd;Enke/enkemand;2017K4;35 år;1
Aalborg;Mænd;Enke/enkemand;2017K4;36 år;1
Aalborg;Mænd;Enke/enkemand;2017K4;37 år;0
Aalborg;Mænd;Enke/enkemand;2017K4;38 år;0
Aalborg;Mænd;Enke/enkemand;2017K4;39 år;2
Aalborg;Mænd;Enke/enkemand;2017K4;40 år;1
Aalborg;Mænd;Enke/enkemand;2018K4;30 år;0
Aalborg;Mænd;Enke/enkemand;2018K4;31 år;1
Aalborg;Mænd;Enke/enkemand;2018K4;32 år;0
Aalborg;Mænd;Enke/enkemand;2018K4;33 år;1
Aalborg;Mænd;Enke/enkemand;2018K4;34 år;0
Aalborg;Mænd;Enke/enkemand;2018K4;35 år;1
Aalborg;Mænd;Enke/enkemand;2018K4;36 år;1
Aalborg;Mænd;Enke/enkemand;2018K4;37 år;1
Aalborg;Mænd;Enke/enkemand;2018K4;38 år;1
Aalborg;Mænd;Enke/enkemand;2018K4;39 år;0
Aalborg;Mænd;Enke/enkemand;2018K4;40 år;1
Aalborg;Mænd;Enke/enkemand;2019K4;30 år;1
Aalborg;Mænd;Enke/enkemand;2019K4;31 år;1
Aalborg;Mænd;Enke/enkemand;2019K4;32 år;1
Aalborg;Mænd;Enke/enkemand;2019K4;33 år;0
Aalborg;Mænd;Enke/enkemand;2019K4;34 år;0
Aalborg;Mænd;Enke/enkemand;2019K4;35 år;0
Aalborg;Mænd;Enke/enkemand;2019K4;36 år;1
Aalborg;Mænd;Enke/enkemand;2019K4;37 år;2
Aalborg;Mænd;Enke/enkemand;2019K4;38 år;1
Aalborg;Mænd;Enke/enkemand;2019K4;39 år;0
Aalborg;Mænd;Enke/enkemand;2019K4;40 år;1
Aalborg;Mænd;Enke/enkemand;2020K4;30 år;1
Aalborg;Mænd;Enke/enkemand;2020K4;31 år;1
Aalborg;Mænd;Enke/enkemand;2020K4;32 år;2
Aalborg;Mænd;Enke/enkemand;2020K4;33 år;0
Aalborg;Mænd;Enke/enkemand;2020K4;34 år;0
Aalborg;Mænd;Enke/enkemand;2020K4;35 år;0
Aalborg;Mænd;Enke/enkemand;2020K4;36 år;0
Aalborg;Mænd;Enke/enkemand;2020K4;37 år;1
Aalborg;Mænd;Enke/enkemand;2020K4;38 år;3
Aalborg;Mænd;Enke/enkemand;2020K4;39 år;1
Aalborg;Mænd;Enke/enkemand;2020K4;40 år;0
Aalborg;Mænd;Fraskilt;2016K4;30 år;22
Aalborg;Mænd;Fraskilt;2016K4;31 år;43
Aalborg;Mænd;Fraskilt;2016K4;32 år;35
Aalborg;Mænd;Fraskilt;2016K4;33 år;35
Aalborg;Mænd;Fraskilt;2016K4;34 år;57
Aalborg;Mænd;Fraskilt;2016K4;35 år;66
Aalborg;Mænd;Fraskilt;2016K4;36 år;77
Aalborg;Mænd;Fraskilt;2016K4;37 år;85
Aalborg;Mænd;Fraskilt;2016K4;38 år;80
Aalborg;Mænd;Fraskilt;2016K4;39 år;109
Aalborg;Mænd;Fraskilt;2016K4;40 år;133
Aalborg;Mænd;Fraskilt;2017K4;30 år;30
Aalborg;Mænd;Fraskilt;2017K4;31 år;23
Aalborg;Mænd;Fraskilt;2017K4;32 år;44
Aalborg;Mænd;Fraskilt;2017K4;33 år;51
Aalborg;Mænd;Fraskilt;2017K4;34 år;49
Aalborg;Mænd;Fraskilt;2017K4;35 år;58
Aalborg;Mænd;Fraskilt;2017K4;36 år;75
Aalborg;Mænd;Fraskilt;2017K4;37 år;87
Aalborg;Mænd;Fraskilt;2017K4;38 år;101
Aalborg;Mænd;Fraskilt;2017K4;39 år;89
Aalborg;Mænd;Fraskilt;2017K4;40 år;122
Aalborg;Mænd;Fraskilt;2018K4;30 år;18
Aalborg;Mænd;Fraskilt;2018K4;31 år;31
Aalborg;Mænd;Fraskilt;2018K4;32 år;33
Aalborg;Mænd;Fraskilt;2018K4;33 år;54
Aalborg;Mænd;Fraskilt;2018K4;34 år;50
Aalborg;Mænd;Fraskilt;2018K4;35 år;55
Aalborg;Mænd;Fraskilt;2018K4;36 år;63
Aalborg;Mænd;Fraskilt;2018K4;37 år;88
Aalborg;Mænd;Fraskilt;2018K4;38 år;90
Aalborg;Mænd;Fraskilt;2018K4;39 år;109
Aalborg;Mænd;Fraskilt;2018K4;40 år;111
Aalborg;Mænd;Fraskilt;2019K4;30 år;25
Aalborg;Mænd;Fraskilt;2019K4;31 år;24
Aalborg;Mænd;Fraskilt;2019K4;32 år;39
Aalborg;Mænd;Fraskilt;2019K4;33 år;44
Aalborg;Mænd;Fraskilt;2019K4;34 år;60
Aalborg;Mænd;Fraskilt;2019K4;35 år;56
Aalborg;Mænd;Fraskilt;2019K4;36 år;54
Aalborg;Mænd;Fraskilt;2019K4;37 år;65
Aalborg;Mænd;Fraskilt;2019K4;38 år;90
Aalborg;Mænd;Fraskilt;2019K4;39 år;95
Aalborg;Mænd;Fraskilt;2019K4;40 år;110
Aalborg;Mænd;Fraskilt;2020K4;30 år;22
Aalborg;Mænd;Fraskilt;2020K4;31 år;33
Aalborg;Mænd;Fraskilt;2020K4;32 år;27
Aalborg;Mænd;Fraskilt;2020K4;33 år;47
Aalborg;Mænd;Fraskilt;2020K4;34 år;47
Aalborg;Mænd;Fraskilt;2020K4;35 år;55
Aalborg;Mænd;Fraskilt;2020K4;36 år;63
Aalborg;Mænd;Fraskilt;2020K4;37 år;62
Aalborg;Mænd;Fraskilt;2020K4;38 år;83
Aalborg;Mænd;Fraskilt;2020K4;39 år;85
Aalborg;Mænd;Fraskilt;2020K4;40 år;101
Aalborg;Kvinder;Ugift;2016K4;30 år;816
Aalborg;Kvinder;Ugift;2016K4;31 år;668
Aalborg;Kvinder;Ugift;2016K4;32 år;625
Aalborg;Kvinder;Ugift;2016K4;33 år;529
Aalborg;Kvinder;Ugift;2016K4;34 år;507
Aalborg;Kvinder;Ugift;2016K4;35 år;476
Aalborg;Kvinder;Ugift;2016K4;36 år;465
Aalborg;Kvinder;Ugift;2016K4;37 år;425
Aalborg;Kvinder;Ugift;2016K4;38 år;406
Aalborg;Kvinder;Ugift;2016K4;39 år;344
Aalborg;Kvinder;Ugift;2016K4;40 år;337
Aalborg;Kvinder;Ugift;2017K4;30 år;835
Aalborg;Kvinder;Ugift;2017K4;31 år;737
Aalborg;Kvinder;Ugift;2017K4;32 år;602
Aalborg;Kvinder;Ugift;2017K4;33 år;560
Aalborg;Kvinder;Ugift;2017K4;34 år;501
Aalborg;Kvinder;Ugift;2017K4;35 år;465
Aalborg;Kvinder;Ugift;2017K4;36 år;452
Aalborg;Kvinder;Ugift;2017K4;37 år;449
Aalborg;Kvinder;Ugift;2017K4;38 år;424
Aalborg;Kvinder;Ugift;2017K4;39 år;388
Aalborg;Kvinder;Ugift;2017K4;40 år;336
Aalborg;Kvinder;Ugift;2018K4;30 år;878
Aalborg;Kvinder;Ugift;2018K4;31 år;745
Aalborg;Kvinder;Ugift;2018K4;32 år;666
Aalborg;Kvinder;Ugift;2018K4;33 år;567
Aalborg;Kvinder;Ugift;2018K4;34 år;520
Aalborg;Kvinder;Ugift;2018K4;35 år;482
Aalborg;Kvinder;Ugift;2018K4;36 år;453
Aalborg;Kvinder;Ugift;2018K4;37 år;421
Aalborg;Kvinder;Ugift;2018K4;38 år;432
Aalborg;Kvinder;Ugift;2018K4;39 år;401
Aalborg;Kvinder;Ugift;2018K4;40 år;376
Aalborg;Kvinder;Ugift;2019K4;30 år;971
Aalborg;Kvinder;Ugift;2019K4;31 år;828
Aalborg;Kvinder;Ugift;2019K4;32 år;672
Aalborg;Kvinder;Ugift;2019K4;33 år;611
Aalborg;Kvinder;Ugift;2019K4;34 år;529
Aalborg;Kvinder;Ugift;2019K4;35 år;484
Aalborg;Kvinder;Ugift;2019K4;36 år;442
Aalborg;Kvinder;Ugift;2019K4;37 år;430
Aalborg;Kvinder;Ugift;2019K4;38 år;409
Aalborg;Kvinder;Ugift;2019K4;39 år;405
Aalborg;Kvinder;Ugift;2019K4;40 år;386
Aalborg;Kvinder;Ugift;2020K4;30 år;979
Aalborg;Kvinder;Ugift;2020K4;31 år;909
Aalborg;Kvinder;Ugift;2020K4;32 år;770
Aalborg;Kvinder;Ugift;2020K4;33 år;617
Aalborg;Kvinder;Ugift;2020K4;34 år;574
Aalborg;Kvinder;Ugift;2020K4;35 år;501
Aalborg;Kvinder;Ugift;2020K4;36 år;452
Aalborg;Kvinder;Ugift;2020K4;37 år;416
Aalborg;Kvinder;Ugift;2020K4;38 år;409
Aalborg;Kvinder;Ugift;2020K4;39 år;384
Aalborg;Kvinder;Ugift;2020K4;40 år;389
Aalborg;Kvinder;Gift/separeret;2016K4;30 år;441
Aalborg;Kvinder;Gift/separeret;2016K4;31 år;457
Aalborg;Kvinder;Gift/separeret;2016K4;32 år;500
Aalborg;Kvinder;Gift/separeret;2016K4;33 år;558
Aalborg;Kvinder;Gift/separeret;2016K4;34 år;526
Aalborg;Kvinder;Gift/separeret;2016K4;35 år;599
Aalborg;Kvinder;Gift/separeret;2016K4;36 år;632
Aalborg;Kvinder;Gift/separeret;2016K4;37 år;636
Aalborg;Kvinder;Gift/separeret;2016K4;38 år;700
Aalborg;Kvinder;Gift/separeret;2016K4;39 år;693
Aalborg;Kvinder;Gift/separeret;2016K4;40 år;738
Aalborg;Kvinder;Gift/separeret;2017K4;30 år;455
Aalborg;Kvinder;Gift/separeret;2017K4;31 år;464
Aalborg;Kvinder;Gift/separeret;2017K4;32 år;495
Aalborg;Kvinder;Gift/separeret;2017K4;33 år;531
Aalborg;Kvinder;Gift/separeret;2017K4;34 år;570
Aalborg;Kvinder;Gift/separeret;2017K4;35 år;548
Aalborg;Kvinder;Gift/separeret;2017K4;36 år;601
Aalborg;Kvinder;Gift/separeret;2017K4;37 år;641
Aalborg;Kvinder;Gift/separeret;2017K4;38 år;646
Aalborg;Kvinder;Gift/separeret;2017K4;39 år;714
Aalborg;Kvinder;Gift/separeret;2017K4;40 år;695
Aalborg;Kvinder;Gift/separeret;2018K4;30 år;451
Aalborg;Kvinder;Gift/separeret;2018K4;31 år;508
Aalborg;Kvinder;Gift/separeret;2018K4;32 år;499
Aalborg;Kvinder;Gift/separeret;2018K4;33 år;516
Aalborg;Kvinder;Gift/separeret;2018K4;34 år;547
Aalborg;Kvinder;Gift/separeret;2018K4;35 år;583
Aalborg;Kvinder;Gift/separeret;2018K4;36 år;552
Aalborg;Kvinder;Gift/separeret;2018K4;37 år;616
Aalborg;Kvinder;Gift/separeret;2018K4;38 år;648
Aalborg;Kvinder;Gift/separeret;2018K4;39 år;660
Aalborg;Kvinder;Gift/separeret;2018K4;40 år;716
Aalborg;Kvinder;Gift/separeret;2019K4;30 år;460
Aalborg;Kvinder;Gift/separeret;2019K4;31 år;504
Aalborg;Kvinder;Gift/separeret;2019K4;32 år;532
Aalborg;Kvinder;Gift/separeret;2019K4;33 år;517
Aalborg;Kvinder;Gift/separeret;2019K4;34 år;551
Aalborg;Kvinder;Gift/separeret;2019K4;35 år;557
Aalborg;Kvinder;Gift/separeret;2019K4;36 år;602
Aalborg;Kvinder;Gift/separeret;2019K4;37 år;563
Aalborg;Kvinder;Gift/separeret;2019K4;38 år;626
Aalborg;Kvinder;Gift/separeret;2019K4;39 år;654
Aalborg;Kvinder;Gift/separeret;2019K4;40 år;656
Aalborg;Kvinder;Gift/separeret;2020K4;30 år;479
Aalborg;Kvinder;Gift/separeret;2020K4;31 år;484
Aalborg;Kvinder;Gift/separeret;2020K4;32 år;528
Aalborg;Kvinder;Gift/separeret;2020K4;33 år;568
Aalborg;Kvinder;Gift/separeret;2020K4;34 år;540
Aalborg;Kvinder;Gift/separeret;2020K4;35 år;568
Aalborg;Kvinder;Gift/separeret;2020K4;36 år;555
Aalborg;Kvinder;Gift/separeret;2020K4;37 år;608
Aalborg;Kvinder;Gift/separeret;2020K4;38 år;582
Aalborg;Kvinder;Gift/separeret;2020K4;39 år;628
Aalborg;Kvinder;Gift/separeret;2020K4;40 år;656
Aalborg;Kvinder;Enke/enkemand;2016K4;30 år;2
Aalborg;Kvinder;Enke/enkemand;2016K4;31 år;0
Aalborg;Kvinder;Enke/enkemand;2016K4;32 år;1
Aalborg;Kvinder;Enke/enkemand;2016K4;33 år;0
Aalborg;Kvinder;Enke/enkemand;2016K4;34 år;6
Aalborg;Kvinder;Enke/enkemand;2016K4;35 år;0
Aalborg;Kvinder;Enke/enkemand;2016K4;36 år;1
Aalborg;Kvinder;Enke/enkemand;2016K4;37 år;3
Aalborg;Kvinder;Enke/enkemand;2016K4;38 år;1
Aalborg;Kvinder;Enke/enkemand;2016K4;39 år;1
Aalborg;Kvinder;Enke/enkemand;2016K4;40 år;7
Aalborg;Kvinder;Enke/enkemand;2017K4;30 år;1
Aalborg;Kvinder;Enke/enkemand;2017K4;31 år;4
Aalborg;Kvinder;Enke/enkemand;2017K4;32 år;0
Aalborg;Kvinder;Enke/enkemand;2017K4;33 år;0
Aalborg;Kvinder;Enke/enkemand;2017K4;34 år;0
Aalborg;Kvinder;Enke/enkemand;2017K4;35 år;7
Aalborg;Kvinder;Enke/enkemand;2017K4;36 år;0
Aalborg;Kvinder;Enke/enkemand;2017K4;37 år;1
Aalborg;Kvinder;Enke/enkemand;2017K4;38 år;3
Aalborg;Kvinder;Enke/enkemand;2017K4;39 år;1
Aalborg;Kvinder;Enke/enkemand;2017K4;40 år;2
Aalborg;Kvinder;Enke/enkemand;2018K4;30 år;0
Aalborg;Kvinder;Enke/enkemand;2018K4;31 år;2
Aalborg;Kvinder;Enke/enkemand;2018K4;32 år;7
Aalborg;Kvinder;Enke/enkemand;2018K4;33 år;0
Aalborg;Kvinder;Enke/enkemand;2018K4;34 år;0
Aalborg;Kvinder;Enke/enkemand;2018K4;35 år;0
Aalborg;Kvinder;Enke/enkemand;2018K4;36 år;5
Aalborg;Kvinder;Enke/enkemand;2018K4;37 år;0
Aalborg;Kvinder;Enke/enkemand;2018K4;38 år;1
Aalborg;Kvinder;Enke/enkemand;2018K4;39 år;4
Aalborg;Kvinder;Enke/enkemand;2018K4;40 år;2
Aalborg;Kvinder;Enke/enkemand;2019K4;30 år;0
Aalborg;Kvinder;Enke/enkemand;2019K4;31 år;0
Aalborg;Kvinder;Enke/enkemand;2019K4;32 år;2
Aalborg;Kvinder;Enke/enkemand;2019K4;33 år;6
Aalborg;Kvinder;Enke/enkemand;2019K4;34 år;1
Aalborg;Kvinder;Enke/enkemand;2019K4;35 år;0
Aalborg;Kvinder;Enke/enkemand;2019K4;36 år;0
Aalborg;Kvinder;Enke/enkemand;2019K4;37 år;5
Aalborg;Kvinder;Enke/enkemand;2019K4;38 år;0
Aalborg;Kvinder;Enke/enkemand;2019K4;39 år;1
Aalborg;Kvinder;Enke/enkemand;2019K4;40 år;6
Aalborg;Kvinder;Enke/enkemand;2020K4;30 år;1
Aalborg;Kvinder;Enke/enkemand;2020K4;31 år;1
Aalborg;Kvinder;Enke/enkemand;2020K4;32 år;0
Aalborg;Kvinder;Enke/enkemand;2020K4;33 år;2
Aalborg;Kvinder;Enke/enkemand;2020K4;34 år;5
Aalborg;Kvinder;Enke/enkemand;2020K4;35 år;1
Aalborg;Kvinder;Enke/enkemand;2020K4;36 år;0
Aalborg;Kvinder;Enke/enkemand;2020K4;37 år;0
Aalborg;Kvinder;Enke/enkemand;2020K4;38 år;6
Aalborg;Kvinder;Enke/enkemand;2020K4;39 år;1
Aalborg;Kvinder;Enke/enkemand;2020K4;40 år;3
Aalborg;Kvinder;Fraskilt;2016K4;30 år;40
Aalborg;Kvinder;Fraskilt;2016K4;31 år;51
Aalborg;Kvinder;Fraskilt;2016K4;32 år;75
Aalborg;Kvinder;Fraskilt;2016K4;33 år;66
Aalborg;Kvinder;Fraskilt;2016K4;34 år;107
Aalborg;Kvinder;Fraskilt;2016K4;35 år;86
Aalborg;Kvinder;Fraskilt;2016K4;36 år;112
Aalborg;Kvinder;Fraskilt;2016K4;37 år;128
Aalborg;Kvinder;Fraskilt;2016K4;38 år;146
Aalborg;Kvinder;Fraskilt;2016K4;39 år;174
Aalborg;Kvinder;Fraskilt;2016K4;40 år;188
Aalborg;Kvinder;Fraskilt;2017K4;30 år;51
Aalborg;Kvinder;Fraskilt;2017K4;31 år;48
Aalborg;Kvinder;Fraskilt;2017K4;32 år;63
Aalborg;Kvinder;Fraskilt;2017K4;33 år;79
Aalborg;Kvinder;Fraskilt;2017K4;34 år;78
Aalborg;Kvinder;Fraskilt;2017K4;35 år;106
Aalborg;Kvinder;Fraskilt;2017K4;36 år;96
Aalborg;Kvinder;Fraskilt;2017K4;37 år;117
Aalborg;Kvinder;Fraskilt;2017K4;38 år;136
Aalborg;Kvinder;Fraskilt;2017K4;39 år;153
Aalborg;Kvinder;Fraskilt;2017K4;40 år;187
Aalborg;Kvinder;Fraskilt;2018K4;30 år;45
Aalborg;Kvinder;Fraskilt;2018K4;31 år;52
Aalborg;Kvinder;Fraskilt;2018K4;32 år;53
Aalborg;Kvinder;Fraskilt;2018K4;33 år;72
Aalborg;Kvinder;Fraskilt;2018K4;34 år;82
Aalborg;Kvinder;Fraskilt;2018K4;35 år;92
Aalborg;Kvinder;Fraskilt;2018K4;36 år;117
Aalborg;Kvinder;Fraskilt;2018K4;37 år;102
Aalborg;Kvinder;Fraskilt;2018K4;38 år;133
Aalborg;Kvinder;Fraskilt;2018K4;39 år;150
Aalborg;Kvinder;Fraskilt;2018K4;40 år;163
Aalborg;Kvinder;Fraskilt;2019K4;30 år;33
Aalborg;Kvinder;Fraskilt;2019K4;31 år;52
Aalborg;Kvinder;Fraskilt;2019K4;32 år;64
Aalborg;Kvinder;Fraskilt;2019K4;33 år;57
Aalborg;Kvinder;Fraskilt;2019K4;34 år;66
Aalborg;Kvinder;Fraskilt;2019K4;35 år;86
Aalborg;Kvinder;Fraskilt;2019K4;36 år;92
Aalborg;Kvinder;Fraskilt;2019K4;37 år;120
Aalborg;Kvinder;Fraskilt;2019K4;38 år;107
Aalborg;Kvinder;Fraskilt;2019K4;39 år;143
Aalborg;Kvinder;Fraskilt;2019K4;40 år;169
Aalborg;Kvinder;Fraskilt;2020K4;30 år;51
Aalborg;Kvinder;Fraskilt;2020K4;31 år;43
Aalborg;Kvinder;Fraskilt;2020K4;32 år;55
Aalborg;Kvinder;Fraskilt;2020K4;33 år;68
Aalborg;Kvinder;Fraskilt;2020K4;34 år;63
Aalborg;Kvinder;Fraskilt;2020K4;35 år;72
Aalborg;Kvinder;Fraskilt;2020K4;36 år;85
Aalborg;Kvinder;Fraskilt;2020K4;37 år;107
Aalborg;Kvinder;Fraskilt;2020K4;38 år;126
Aalborg;Kvinder;Fraskilt;2020K4;39 år;122
Aalborg;Kvinder;Fraskilt;2020K4;40 år;155
Aarhus;Mænd;Ugift;2016K4;30 år;2252
Aarhus;Mænd;Ugift;2016K4;31 år;1900
Aarhus;Mænd;Ugift;2016K4;32 år;1632
Aarhus;Mænd;Ugift;2016K4;33 år;1415
Aarhus;Mænd;Ugift;2016K4;34 år;1303
Aarhus;Mænd;Ugift;2016K4;35 år;1159
Aarhus;Mænd;Ugift;2016K4;36 år;1057
Aarhus;Mænd;Ugift;2016K4;37 år;979
Aarhus;Mænd;Ugift;2016K4;38 år;895
Aarhus;Mænd;Ugift;2016K4;39 år;812
Aarhus;Mænd;Ugift;2016K4;40 år;735
Aarhus;Mænd;Ugift;2017K4;30 år;2372
Aarhus;Mænd;Ugift;2017K4;31 år;2029
Aarhus;Mænd;Ugift;2017K4;32 år;1688
Aarhus;Mænd;Ugift;2017K4;33 år;1455
Aarhus;Mænd;Ugift;2017K4;34 år;1264
Aarhus;Mænd;Ugift;2017K4;35 år;1189
Aarhus;Mænd;Ugift;2017K4;36 år;1057
Aarhus;Mænd;Ugift;2017K4;37 år;961
Aarhus;Mænd;Ugift;2017K4;38 år;907
Aarhus;Mænd;Ugift;2017K4;39 år;863
Aarhus;Mænd;Ugift;2017K4;40 år;764
Aarhus;Mænd;Ugift;2018K4;30 år;2403
Aarhus;Mænd;Ugift;2018K4;31 år;2080
Aarhus;Mænd;Ugift;2018K4;32 år;1794
Aarhus;Mænd;Ugift;2018K4;33 år;1517
Aarhus;Mænd;Ugift;2018K4;34 år;1340
Aarhus;Mænd;Ugift;2018K4;35 år;1157
Aarhus;Mænd;Ugift;2018K4;36 år;1069
Aarhus;Mænd;Ugift;2018K4;37 år;969
Aarhus;Mænd;Ugift;2018K4;38 år;888
Aarhus;Mænd;Ugift;2018K4;39 år;852
Aarhus;Mænd;Ugift;2018K4;40 år;812
Aarhus;Mænd;Ugift;2019K4;30 år;2538
Aarhus;Mænd;Ugift;2019K4;31 år;2196
Aarhus;Mænd;Ugift;2019K4;32 år;1861
Aarhus;Mænd;Ugift;2019K4;33 år;1625
Aarhus;Mænd;Ugift;2019K4;34 år;1398
Aarhus;Mænd;Ugift;2019K4;35 år;1197
Aarhus;Mænd;Ugift;2019K4;36 år;1055
Aarhus;Mænd;Ugift;2019K4;37 år;1006
Aarhus;Mænd;Ugift;2019K4;38 år;906
Aarhus;Mænd;Ugift;2019K4;39 år;842
Aarhus;Mænd;Ugift;2019K4;40 år;802
Aarhus;Mænd;Ugift;2020K4;30 år;2658
Aarhus;Mænd;Ugift;2020K4;31 år;2283
Aarhus;Mænd;Ugift;2020K4;32 år;1946
Aarhus;Mænd;Ugift;2020K4;33 år;1685
Aarhus;Mænd;Ugift;2020K4;34 år;1478
Aarhus;Mænd;Ugift;2020K4;35 år;1275
Aarhus;Mænd;Ugift;2020K4;36 år;1107
Aarhus;Mænd;Ugift;2020K4;37 år;975
Aarhus;Mænd;Ugift;2020K4;38 år;939
Aarhus;Mænd;Ugift;2020K4;39 år;843
Aarhus;Mænd;Ugift;2020K4;40 år;809
Aarhus;Mænd;Gift/separeret;2016K4;30 år;562
Aarhus;Mænd;Gift/separeret;2016K4;31 år;610
Aarhus;Mænd;Gift/separeret;2016K4;32 år;702
Aarhus;Mænd;Gift/separeret;2016K4;33 år;779
Aarhus;Mænd;Gift/separeret;2016K4;34 år;850
Aarhus;Mænd;Gift/separeret;2016K4;35 år;866
Aarhus;Mænd;Gift/separeret;2016K4;36 år;865
Aarhus;Mænd;Gift/separeret;2016K4;37 år;935
Aarhus;Mænd;Gift/separeret;2016K4;38 år;966
Aarhus;Mænd;Gift/separeret;2016K4;39 år;929
Aarhus;Mænd;Gift/separeret;2016K4;40 år;949
Aarhus;Mænd;Gift/separeret;2017K4;30 år;583
Aarhus;Mænd;Gift/separeret;2017K4;31 år;647
Aarhus;Mænd;Gift/separeret;2017K4;32 år;703
Aarhus;Mænd;Gift/separeret;2017K4;33 år;778
Aarhus;Mænd;Gift/separeret;2017K4;34 år;826
Aarhus;Mænd;Gift/separeret;2017K4;35 år;901
Aarhus;Mænd;Gift/separeret;2017K4;36 år;914
Aarhus;Mænd;Gift/separeret;2017K4;37 år;900
Aarhus;Mænd;Gift/separeret;2017K4;38 år;957
Aarhus;Mænd;Gift/separeret;2017K4;39 år;986
Aarhus;Mænd;Gift/separeret;2017K4;40 år;942
Aarhus;Mænd;Gift/separeret;2018K4;30 år;563
Aarhus;Mænd;Gift/separeret;2018K4;31 år;664
Aarhus;Mænd;Gift/separeret;2018K4;32 år;684
Aarhus;Mænd;Gift/separeret;2018K4;33 år;756
Aarhus;Mænd;Gift/separeret;2018K4;34 år;828
Aarhus;Mænd;Gift/separeret;2018K4;35 år;878
Aarhus;Mænd;Gift/separeret;2018K4;36 år;942
Aarhus;Mænd;Gift/separeret;2018K4;37 år;950
Aarhus;Mænd;Gift/separeret;2018K4;38 år;932
Aarhus;Mænd;Gift/separeret;2018K4;39 år;989
Aarhus;Mænd;Gift/separeret;2018K4;40 år;1001
Aarhus;Mænd;Gift/separeret;2019K4;30 år;653
Aarhus;Mænd;Gift/separeret;2019K4;31 år;620
Aarhus;Mænd;Gift/separeret;2019K4;32 år;744
Aarhus;Mænd;Gift/separeret;2019K4;33 år;755
Aarhus;Mænd;Gift/separeret;2019K4;34 år;786
Aarhus;Mænd;Gift/separeret;2019K4;35 år;877
Aarhus;Mænd;Gift/separeret;2019K4;36 år;899
Aarhus;Mænd;Gift/separeret;2019K4;37 år;969
Aarhus;Mænd;Gift/separeret;2019K4;38 år;973
Aarhus;Mænd;Gift/separeret;2019K4;39 år;952
Aarhus;Mænd;Gift/separeret;2019K4;40 år;997
Aarhus;Mænd;Gift/separeret;2020K4;30 år;596
Aarhus;Mænd;Gift/separeret;2020K4;31 år;694
Aarhus;Mænd;Gift/separeret;2020K4;32 år;670
Aarhus;Mænd;Gift/separeret;2020K4;33 år;781
Aarhus;Mænd;Gift/separeret;2020K4;34 år;810
Aarhus;Mænd;Gift/separeret;2020K4;35 år;811
Aarhus;Mænd;Gift/separeret;2020K4;36 år;888
Aarhus;Mænd;Gift/separeret;2020K4;37 år;896
Aarhus;Mænd;Gift/separeret;2020K4;38 år;948
Aarhus;Mænd;Gift/separeret;2020K4;39 år;985
Aarhus;Mænd;Gift/separeret;2020K4;40 år;969
Aarhus;Mænd;Enke/enkemand;2016K4;30 år;0
Aarhus;Mænd;Enke/enkemand;2016K4;31 år;0
Aarhus;Mænd;Enke/enkemand;2016K4;32 år;0
Aarhus;Mænd;Enke/enkemand;2016K4;33 år;0
Aarhus;Mænd;Enke/enkemand;2016K4;34 år;1
Aarhus;Mænd;Enke/enkemand;2016K4;35 år;1
Aarhus;Mænd;Enke/enkemand;2016K4;36 år;1
Aarhus;Mænd;Enke/enkemand;2016K4;37 år;0
Aarhus;Mænd;Enke/enkemand;2016K4;38 år;5
Aarhus;Mænd;Enke/enkemand;2016K4;39 år;4
Aarhus;Mænd;Enke/enkemand;2016K4;40 år;2
Aarhus;Mænd;Enke/enkemand;2017K4;30 år;0
Aarhus;Mænd;Enke/enkemand;2017K4;31 år;0
Aarhus;Mænd;Enke/enkemand;2017K4;32 år;1
Aarhus;Mænd;Enke/enkemand;2017K4;33 år;0
Aarhus;Mænd;Enke/enkemand;2017K4;34 år;1
Aarhus;Mænd;Enke/enkemand;2017K4;35 år;1
Aarhus;Mænd;Enke/enkemand;2017K4;36 år;1
Aarhus;Mænd;Enke/enkemand;2017K4;37 år;1
Aarhus;Mænd;Enke/enkemand;2017K4;38 år;0
Aarhus;Mænd;Enke/enkemand;2017K4;39 år;4
Aarhus;Mænd;Enke/enkemand;2017K4;40 år;4
Aarhus;Mænd;Enke/enkemand;2018K4;30 år;0
Aarhus;Mænd;Enke/enkemand;2018K4;31 år;1
Aarhus;Mænd;Enke/enkemand;2018K4;32 år;1
Aarhus;Mænd;Enke/enkemand;2018K4;33 år;2
Aarhus;Mænd;Enke/enkemand;2018K4;34 år;0
Aarhus;Mænd;Enke/enkemand;2018K4;35 år;1
Aarhus;Mænd;Enke/enkemand;2018K4;36 år;1
Aarhus;Mænd;Enke/enkemand;2018K4;37 år;3
Aarhus;Mænd;Enke/enkemand;2018K4;38 år;2
Aarhus;Mænd;Enke/enkemand;2018K4;39 år;1
Aarhus;Mænd;Enke/enkemand;2018K4;40 år;3
Aarhus;Mænd;Enke/enkemand;2019K4;30 år;1
Aarhus;Mænd;Enke/enkemand;2019K4;31 år;0
Aarhus;Mænd;Enke/enkemand;2019K4;32 år;1
Aarhus;Mænd;Enke/enkemand;2019K4;33 år;0
Aarhus;Mænd;Enke/enkemand;2019K4;34 år;2
Aarhus;Mænd;Enke/enkemand;2019K4;35 år;0
Aarhus;Mænd;Enke/enkemand;2019K4;36 år;1
Aarhus;Mænd;Enke/enkemand;2019K4;37 år;2
Aarhus;Mænd;Enke/enkemand;2019K4;38 år;3
Aarhus;Mænd;Enke/enkemand;2019K4;39 år;4
Aarhus;Mænd;Enke/enkemand;2019K4;40 år;2
Aarhus;Mænd;Enke/enkemand;2020K4;30 år;0
Aarhus;Mænd;Enke/enkemand;2020K4;31 år;1
Aarhus;Mænd;Enke/enkemand;2020K4;32 år;0
Aarhus;Mænd;Enke/enkemand;2020K4;33 år;0
Aarhus;Mænd;Enke/enkemand;2020K4;34 år;0
Aarhus;Mænd;Enke/enkemand;2020K4;35 år;3
Aarhus;Mænd;Enke/enkemand;2020K4;36 år;0
Aarhus;Mænd;Enke/enkemand;2020K4;37 år;1
Aarhus;Mænd;Enke/enkemand;2020K4;38 år;2
Aarhus;Mænd;Enke/enkemand;2020K4;39 år;4
Aarhus;Mænd;Enke/enkemand;2020K4;40 år;2
Aarhus;Mænd;Fraskilt;2016K4;30 år;30
Aarhus;Mænd;Fraskilt;2016K4;31 år;29
Aarhus;Mænd;Fraskilt;2016K4;32 år;74
Aarhus;Mænd;Fraskilt;2016K4;33 år;63
Aarhus;Mænd;Fraskilt;2016K4;34 år;63
Aarhus;Mænd;Fraskilt;2016K4;35 år;107
Aarhus;Mænd;Fraskilt;2016K4;36 år;100
Aarhus;Mænd;Fraskilt;2016K4;37 år;133
Aarhus;Mænd;Fraskilt;2016K4;38 år;127
Aarhus;Mænd;Fraskilt;2016K4;39 år;137
Aarhus;Mænd;Fraskilt;2016K4;40 år;149
Aarhus;Mænd;Fraskilt;2017K4;30 år;29
Aarhus;Mænd;Fraskilt;2017K4;31 år;47
Aarhus;Mænd;Fraskilt;2017K4;32 år;40
Aarhus;Mænd;Fraskilt;2017K4;33 år;78
Aarhus;Mænd;Fraskilt;2017K4;34 år;69
Aarhus;Mænd;Fraskilt;2017K4;35 år;67
Aarhus;Mænd;Fraskilt;2017K4;36 år;103
Aarhus;Mænd;Fraskilt;2017K4;37 år;111
Aarhus;Mænd;Fraskilt;2017K4;38 år;141
Aarhus;Mænd;Fraskilt;2017K4;39 år;142
Aarhus;Mænd;Fraskilt;2017K4;40 år;146
Aarhus;Mænd;Fraskilt;2018K4;30 år;45
Aarhus;Mænd;Fraskilt;2018K4;31 år;37
Aarhus;Mænd;Fraskilt;2018K4;32 år;53
Aarhus;Mænd;Fraskilt;2018K4;33 år;48
Aarhus;Mænd;Fraskilt;2018K4;34 år;83
Aarhus;Mænd;Fraskilt;2018K4;35 år;66
Aarhus;Mænd;Fraskilt;2018K4;36 år;79
Aarhus;Mænd;Fraskilt;2018K4;37 år;104
Aarhus;Mænd;Fraskilt;2018K4;38 år;118
Aarhus;Mænd;Fraskilt;2018K4;39 år;142
Aarhus;Mænd;Fraskilt;2018K4;40 år;154
Aarhus;Mænd;Fraskilt;2019K4;30 år;25
Aarhus;Mænd;Fraskilt;2019K4;31 år;59
Aarhus;Mænd;Fraskilt;2019K4;32 år;45
Aarhus;Mænd;Fraskilt;2019K4;33 år;56
Aarhus;Mænd;Fraskilt;2019K4;34 år;48
Aarhus;Mænd;Fraskilt;2019K4;35 år;95
Aarhus;Mænd;Fraskilt;2019K4;36 år;79
Aarhus;Mænd;Fraskilt;2019K4;37 år;91
Aarhus;Mænd;Fraskilt;2019K4;38 år;105
Aarhus;Mænd;Fraskilt;2019K4;39 år;121
Aarhus;Mænd;Fraskilt;2019K4;40 år;161
Aarhus;Mænd;Fraskilt;2020K4;30 år;30
Aarhus;Mænd;Fraskilt;2020K4;31 år;31
Aarhus;Mænd;Fraskilt;2020K4;32 år;62
Aarhus;Mænd;Fraskilt;2020K4;33 år;56
Aarhus;Mænd;Fraskilt;2020K4;34 år;66
Aarhus;Mænd;Fraskilt;2020K4;35 år;59
Aarhus;Mænd;Fraskilt;2020K4;36 år;95
Aarhus;Mænd;Fraskilt;2020K4;37 år;89
Aarhus;Mænd;Fraskilt;2020K4;38 år;99
Aarhus;Mænd;Fraskilt;2020K4;39 år;117
Aarhus;Mænd;Fraskilt;2020K4;40 år;136
Aarhus;Kvinder;Ugift;2016K4;30 år;1718
Aarhus;Kvinder;Ugift;2016K4;31 år;1496
Aarhus;Kvinder;Ugift;2016K4;32 år;1311
Aarhus;Kvinder;Ugift;2016K4;33 år;1150
Aarhus;Kvinder;Ugift;2016K4;34 år;1045
Aarhus;Kvinder;Ugift;2016K4;35 år;869
Aarhus;Kvinder;Ugift;2016K4;36 år;802
Aarhus;Kvinder;Ugift;2016K4;37 år;724
Aarhus;Kvinder;Ugift;2016K4;38 år;637
Aarhus;Kvinder;Ugift;2016K4;39 år;619
Aarhus;Kvinder;Ugift;2016K4;40 år;598
Aarhus;Kvinder;Ugift;2017K4;30 år;1931
Aarhus;Kvinder;Ugift;2017K4;31 år;1525
Aarhus;Kvinder;Ugift;2017K4;32 år;1342
Aarhus;Kvinder;Ugift;2017K4;33 år;1154
Aarhus;Kvinder;Ugift;2017K4;34 år;1003
Aarhus;Kvinder;Ugift;2017K4;35 år;958
Aarhus;Kvinder;Ugift;2017K4;36 år;808
Aarhus;Kvinder;Ugift;2017K4;37 år;771
Aarhus;Kvinder;Ugift;2017K4;38 år;671
Aarhus;Kvinder;Ugift;2017K4;39 år;619
Aarhus;Kvinder;Ugift;2017K4;40 år;583
Aarhus;Kvinder;Ugift;2018K4;30 år;1957
Aarhus;Kvinder;Ugift;2018K4;31 år;1659
Aarhus;Kvinder;Ugift;2018K4;32 år;1368
Aarhus;Kvinder;Ugift;2018K4;33 år;1182
Aarhus;Kvinder;Ugift;2018K4;34 år;1040
Aarhus;Kvinder;Ugift;2018K4;35 år;915
Aarhus;Kvinder;Ugift;2018K4;36 år;876
Aarhus;Kvinder;Ugift;2018K4;37 år;736
Aarhus;Kvinder;Ugift;2018K4;38 år;720
Aarhus;Kvinder;Ugift;2018K4;39 år;637
Aarhus;Kvinder;Ugift;2018K4;40 år;589
Aarhus;Kvinder;Ugift;2019K4;30 år;2118
Aarhus;Kvinder;Ugift;2019K4;31 år;1774
Aarhus;Kvinder;Ugift;2019K4;32 år;1468
Aarhus;Kvinder;Ugift;2019K4;33 år;1241
Aarhus;Kvinder;Ugift;2019K4;34 år;1059
Aarhus;Kvinder;Ugift;2019K4;35 år;955
Aarhus;Kvinder;Ugift;2019K4;36 år;853
Aarhus;Kvinder;Ugift;2019K4;37 år;824
Aarhus;Kvinder;Ugift;2019K4;38 år;683
Aarhus;Kvinder;Ugift;2019K4;39 år;676
Aarhus;Kvinder;Ugift;2019K4;40 år;608
Aarhus;Kvinder;Ugift;2020K4;30 år;2143
Aarhus;Kvinder;Ugift;2020K4;31 år;1884
Aarhus;Kvinder;Ugift;2020K4;32 år;1530
Aarhus;Kvinder;Ugift;2020K4;33 år;1331
Aarhus;Kvinder;Ugift;2020K4;34 år;1136
Aarhus;Kvinder;Ugift;2020K4;35 år;968
Aarhus;Kvinder;Ugift;2020K4;36 år;887
Aarhus;Kvinder;Ugift;2020K4;37 år;799
Aarhus;Kvinder;Ugift;2020K4;38 år;754
Aarhus;Kvinder;Ugift;2020K4;39 år;648
Aarhus;Kvinder;Ugift;2020K4;40 år;653
Aarhus;Kvinder;Gift/separeret;2016K4;30 år;737
Aarhus;Kvinder;Gift/separeret;2016K4;31 år;760
Aarhus;Kvinder;Gift/separeret;2016K4;32 år;872
Aarhus;Kvinder;Gift/separeret;2016K4;33 år;834
Aarhus;Kvinder;Gift/separeret;2016K4;34 år;947
Aarhus;Kvinder;Gift/separeret;2016K4;35 år;964
Aarhus;Kvinder;Gift/separeret;2016K4;36 år;992
Aarhus;Kvinder;Gift/separeret;2016K4;37 år;1058
Aarhus;Kvinder;Gift/separeret;2016K4;38 år;998
Aarhus;Kvinder;Gift/separeret;2016K4;39 år;889
Aarhus;Kvinder;Gift/separeret;2016K4;40 år;1023
Aarhus;Kvinder;Gift/separeret;2017K4;30 år;789
Aarhus;Kvinder;Gift/separeret;2017K4;31 år;796
Aarhus;Kvinder;Gift/separeret;2017K4;32 år;799
Aarhus;Kvinder;Gift/separeret;2017K4;33 år;909
Aarhus;Kvinder;Gift/separeret;2017K4;34 år;893
Aarhus;Kvinder;Gift/separeret;2017K4;35 år;994
Aarhus;Kvinder;Gift/separeret;2017K4;36 år;984
Aarhus;Kvinder;Gift/separeret;2017K4;37 år;993
Aarhus;Kvinder;Gift/separeret;2017K4;38 år;1080
Aarhus;Kvinder;Gift/separeret;2017K4;39 år;1003
Aarhus;Kvinder;Gift/separeret;2017K4;40 år;910
Aarhus;Kvinder;Gift/separeret;2018K4;30 år;760
Aarhus;Kvinder;Gift/separeret;2018K4;31 år;863
Aarhus;Kvinder;Gift/separeret;2018K4;32 år;841
Aarhus;Kvinder;Gift/separeret;2018K4;33 år;874
Aarhus;Kvinder;Gift/separeret;2018K4;34 år;962
Aarhus;Kvinder;Gift/separeret;2018K4;35 år;929
Aarhus;Kvinder;Gift/separeret;2018K4;36 år;1008
Aarhus;Kvinder;Gift/separeret;2018K4;37 år;1010
Aarhus;Kvinder;Gift/separeret;2018K4;38 år;997
Aarhus;Kvinder;Gift/separeret;2018K4;39 år;1086
Aarhus;Kvinder;Gift/separeret;2018K4;40 år;1004
Aarhus;Kvinder;Gift/separeret;2019K4;30 år;827
Aarhus;Kvinder;Gift/separeret;2019K4;31 år;827
Aarhus;Kvinder;Gift/separeret;2019K4;32 år;931
Aarhus;Kvinder;Gift/separeret;2019K4;33 år;889
Aarhus;Kvinder;Gift/separeret;2019K4;34 år;908
Aarhus;Kvinder;Gift/separeret;2019K4;35 år;989
Aarhus;Kvinder;Gift/separeret;2019K4;36 år;944
Aarhus;Kvinder;Gift/separeret;2019K4;37 år;1041
Aarhus;Kvinder;Gift/separeret;2019K4;38 år;1028
Aarhus;Kvinder;Gift/separeret;2019K4;39 år;1025
Aarhus;Kvinder;Gift/separeret;2019K4;40 år;1112
Aarhus;Kvinder;Gift/separeret;2020K4;30 år;774
Aarhus;Kvinder;Gift/separeret;2020K4;31 år;841
Aarhus;Kvinder;Gift/separeret;2020K4;32 år;881
Aarhus;Kvinder;Gift/separeret;2020K4;33 år;955
Aarhus;Kvinder;Gift/separeret;2020K4;34 år;913
Aarhus;Kvinder;Gift/separeret;2020K4;35 år;912
Aarhus;Kvinder;Gift/separeret;2020K4;36 år;967
Aarhus;Kvinder;Gift/separeret;2020K4;37 år;931
Aarhus;Kvinder;Gift/separeret;2020K4;38 år;1053
Aarhus;Kvinder;Gift/separeret;2020K4;39 år;1042
Aarhus;Kvinder;Gift/separeret;2020K4;40 år;1019
Aarhus;Kvinder;Enke/enkemand;2016K4;30 år;1
Aarhus;Kvinder;Enke/enkemand;2016K4;31 år;3
Aarhus;Kvinder;Enke/enkemand;2016K4;32 år;3
Aarhus;Kvinder;Enke/enkemand;2016K4;33 år;0
Aarhus;Kvinder;Enke/enkemand;2016K4;34 år;3
Aarhus;Kvinder;Enke/enkemand;2016K4;35 år;3
Aarhus;Kvinder;Enke/enkemand;2016K4;36 år;2
Aarhus;Kvinder;Enke/enkemand;2016K4;37 år;6
Aarhus;Kvinder;Enke/enkemand;2016K4;38 år;9
Aarhus;Kvinder;Enke/enkemand;2016K4;39 år;4
Aarhus;Kvinder;Enke/enkemand;2016K4;40 år;6
Aarhus;Kvinder;Enke/enkemand;2017K4;30 år;2
Aarhus;Kvinder;Enke/enkemand;2017K4;31 år;1
Aarhus;Kvinder;Enke/enkemand;2017K4;32 år;2
Aarhus;Kvinder;Enke/enkemand;2017K4;33 år;4
Aarhus;Kvinder;Enke/enkemand;2017K4;34 år;1
Aarhus;Kvinder;Enke/enkemand;2017K4;35 år;3
Aarhus;Kvinder;Enke/enkemand;2017K4;36 år;3
Aarhus;Kvinder;Enke/enkemand;2017K4;37 år;2
Aarhus;Kvinder;Enke/enkemand;2017K4;38 år;6
Aarhus;Kvinder;Enke/enkemand;2017K4;39 år;10
Aarhus;Kvinder;Enke/enkemand;2017K4;40 år;4
Aarhus;Kvinder;Enke/enkemand;2018K4;30 år;4
Aarhus;Kvinder;Enke/enkemand;2018K4;31 år;2
Aarhus;Kvinder;Enke/enkemand;2018K4;32 år;1
Aarhus;Kvinder;Enke/enkemand;2018K4;33 år;2
Aarhus;Kvinder;Enke/enkemand;2018K4;34 år;4
Aarhus;Kvinder;Enke/enkemand;2018K4;35 år;2
Aarhus;Kvinder;Enke/enkemand;2018K4;36 år;3
Aarhus;Kvinder;Enke/enkemand;2018K4;37 år;2
Aarhus;Kvinder;Enke/enkemand;2018K4;38 år;4
Aarhus;Kvinder;Enke/enkemand;2018K4;39 år;6
Aarhus;Kvinder;Enke/enkemand;2018K4;40 år;9
Aarhus;Kvinder;Enke/enkemand;2019K4;30 år;1
Aarhus;Kvinder;Enke/enkemand;2019K4;31 år;4
Aarhus;Kvinder;Enke/enkemand;2019K4;32 år;3
Aarhus;Kvinder;Enke/enkemand;2019K4;33 år;2
Aarhus;Kvinder;Enke/enkemand;2019K4;34 år;2
Aarhus;Kvinder;Enke/enkemand;2019K4;35 år;5
Aarhus;Kvinder;Enke/enkemand;2019K4;36 år;2
Aarhus;Kvinder;Enke/enkemand;2019K4;37 år;4
Aarhus;Kvinder;Enke/enkemand;2019K4;38 år;4
Aarhus;Kvinder;Enke/enkemand;2019K4;39 år;4
Aarhus;Kvinder;Enke/enkemand;2019K4;40 år;6
Aarhus;Kvinder;Enke/enkemand;2020K4;30 år;0
Aarhus;Kvinder;Enke/enkemand;2020K4;31 år;2
Aarhus;Kvinder;Enke/enkemand;2020K4;32 år;3
Aarhus;Kvinder;Enke/enkemand;2020K4;33 år;4
Aarhus;Kvinder;Enke/enkemand;2020K4;34 år;3
Aarhus;Kvinder;Enke/enkemand;2020K4;35 år;3
Aarhus;Kvinder;Enke/enkemand;2020K4;36 år;6
Aarhus;Kvinder;Enke/enkemand;2020K4;37 år;2
Aarhus;Kvinder;Enke/enkemand;2020K4;38 år;5
Aarhus;Kvinder;Enke/enkemand;2020K4;39 år;6
Aarhus;Kvinder;Enke/enkemand;2020K4;40 år;5
Aarhus;Kvinder;Fraskilt;2016K4;30 år;72
Aarhus;Kvinder;Fraskilt;2016K4;31 år;86
Aarhus;Kvinder;Fraskilt;2016K4;32 år;84
Aarhus;Kvinder;Fraskilt;2016K4;33 år;97
Aarhus;Kvinder;Fraskilt;2016K4;34 år;144
Aarhus;Kvinder;Fraskilt;2016K4;35 år;143
Aarhus;Kvinder;Fraskilt;2016K4;36 år;156
Aarhus;Kvinder;Fraskilt;2016K4;37 år;176
Aarhus;Kvinder;Fraskilt;2016K4;38 år;218
Aarhus;Kvinder;Fraskilt;2016K4;39 år;200
Aarhus;Kvinder;Fraskilt;2016K4;40 år;247
Aarhus;Kvinder;Fraskilt;2017K4;30 år;55
Aarhus;Kvinder;Fraskilt;2017K4;31 år;86
Aarhus;Kvinder;Fraskilt;2017K4;32 år;86
Aarhus;Kvinder;Fraskilt;2017K4;33 år;96
Aarhus;Kvinder;Fraskilt;2017K4;34 år;115
Aarhus;Kvinder;Fraskilt;2017K4;35 år;148
Aarhus;Kvinder;Fraskilt;2017K4;36 år;145
Aarhus;Kvinder;Fraskilt;2017K4;37 år;168
Aarhus;Kvinder;Fraskilt;2017K4;38 år;189
Aarhus;Kvinder;Fraskilt;2017K4;39 år;222
Aarhus;Kvinder;Fraskilt;2017K4;40 år;203
Aarhus;Kvinder;Fraskilt;2018K4;30 år;56
Aarhus;Kvinder;Fraskilt;2018K4;31 år;69
Aarhus;Kvinder;Fraskilt;2018K4;32 år;94
Aarhus;Kvinder;Fraskilt;2018K4;33 år;89
Aarhus;Kvinder;Fraskilt;2018K4;34 år;109
Aarhus;Kvinder;Fraskilt;2018K4;35 år;123
Aarhus;Kvinder;Fraskilt;2018K4;36 år;157
Aarhus;Kvinder;Fraskilt;2018K4;37 år;156
Aarhus;Kvinder;Fraskilt;2018K4;38 år;182
Aarhus;Kvinder;Fraskilt;2018K4;39 år;191
Aarhus;Kvinder;Fraskilt;2018K4;40 år;232
Aarhus;Kvinder;Fraskilt;2019K4;30 år;59
Aarhus;Kvinder;Fraskilt;2019K4;31 år;66
Aarhus;Kvinder;Fraskilt;2019K4;32 år;75
Aarhus;Kvinder;Fraskilt;2019K4;33 år;100
Aarhus;Kvinder;Fraskilt;2019K4;34 år;97
Aarhus;Kvinder;Fraskilt;2019K4;35 år;119
Aarhus;Kvinder;Fraskilt;2019K4;36 år;131
Aarhus;Kvinder;Fraskilt;2019K4;37 år;160
Aarhus;Kvinder;Fraskilt;2019K4;38 år;167
Aarhus;Kvinder;Fraskilt;2019K4;39 år;191
Aarhus;Kvinder;Fraskilt;2019K4;40 år;189
Aarhus;Kvinder;Fraskilt;2020K4;30 år;47
Aarhus;Kvinder;Fraskilt;2020K4;31 år;68
Aarhus;Kvinder;Fraskilt;2020K4;32 år;78
Aarhus;Kvinder;Fraskilt;2020K4;33 år;91
Aarhus;Kvinder;Fraskilt;2020K4;34 år;104
Aarhus;Kvinder;Fraskilt;2020K4;35 år;114
Aarhus;Kvinder;Fraskilt;2020K4;36 år;146
Aarhus;Kvinder;Fraskilt;2020K4;37 år;147
Aarhus;Kvinder;Fraskilt;2020K4;38 år;186
Aarhus;Kvinder;Fraskilt;2020K4;39 år;181
Aarhus;Kvinder;Fraskilt;2020K4;40 år;207
Odense;Mænd;Ugift;2016K4;30 år;1057
Odense;Mænd;Ugift;2016K4;31 år;904
Odense;Mænd;Ugift;2016K4;32 år;772
Odense;Mænd;Ugift;2016K4;33 år;730
Odense;Mænd;Ugift;2016K4;34 år;657
Odense;Mænd;Ugift;2016K4;35 år;620
Odense;Mænd;Ugift;2016K4;36 år;626
Odense;Mænd;Ugift;2016K4;37 år;520
Odense;Mænd;Ugift;2016K4;38 år;495
Odense;Mænd;Ugift;2016K4;39 år;473
Odense;Mænd;Ugift;2016K4;40 år;523
Odense;Mænd;Ugift;2017K4;30 år;1133
Odense;Mænd;Ugift;2017K4;31 år;960
Odense;Mænd;Ugift;2017K4;32 år;842
Odense;Mænd;Ugift;2017K4;33 år;719
Odense;Mænd;Ugift;2017K4;34 år;678
Odense;Mænd;Ugift;2017K4;35 år;607
Odense;Mænd;Ugift;2017K4;36 år;573
Odense;Mænd;Ugift;2017K4;37 år;570
Odense;Mænd;Ugift;2017K4;38 år;489
Odense;Mænd;Ugift;2017K4;39 år;465
Odense;Mænd;Ugift;2017K4;40 år;449
Odense;Mænd;Ugift;2018K4;30 år;1232
Odense;Mænd;Ugift;2018K4;31 år;1028
Odense;Mænd;Ugift;2018K4;32 år;899
Odense;Mænd;Ugift;2018K4;33 år;799
Odense;Mænd;Ugift;2018K4;34 år;693
Odense;Mænd;Ugift;2018K4;35 år;630
Odense;Mænd;Ugift;2018K4;36 år;575
Odense;Mænd;Ugift;2018K4;37 år;536
Odense;Mænd;Ugift;2018K4;38 år;544
Odense;Mænd;Ugift;2018K4;39 år;463
Odense;Mænd;Ugift;2018K4;40 år;455
Odense;Mænd;Ugift;2019K4;30 år;1294
Odense;Mænd;Ugift;2019K4;31 år;1118
Odense;Mænd;Ugift;2019K4;32 år;920
Odense;Mænd;Ugift;2019K4;33 år;807
Odense;Mænd;Ugift;2019K4;34 år;731
Odense;Mænd;Ugift;2019K4;35 år;651
Odense;Mænd;Ugift;2019K4;36 år;564
Odense;Mænd;Ugift;2019K4;37 år;532
Odense;Mænd;Ugift;2019K4;38 år;515
Odense;Mænd;Ugift;2019K4;39 år;526
Odense;Mænd;Ugift;2019K4;40 år;447
Odense;Mænd;Ugift;2020K4;30 år;1273
Odense;Mænd;Ugift;2020K4;31 år;1143
Odense;Mænd;Ugift;2020K4;32 år;1008
Odense;Mænd;Ugift;2020K4;33 år;854
Odense;Mænd;Ugift;2020K4;34 år;759
Odense;Mænd;Ugift;2020K4;35 år;695
Odense;Mænd;Ugift;2020K4;36 år;599
Odense;Mænd;Ugift;2020K4;37 år;533
Odense;Mænd;Ugift;2020K4;38 år;498
Odense;Mænd;Ugift;2020K4;39 år;477
Odense;Mænd;Ugift;2020K4;40 år;487
Odense;Mænd;Gift/separeret;2016K4;30 år;321
Odense;Mænd;Gift/separeret;2016K4;31 år;355
Odense;Mænd;Gift/separeret;2016K4;32 år;367
Odense;Mænd;Gift/separeret;2016K4;33 år;429
Odense;Mænd;Gift/separeret;2016K4;34 år;449
Odense;Mænd;Gift/separeret;2016K4;35 år;493
Odense;Mænd;Gift/separeret;2016K4;36 år;535
Odense;Mænd;Gift/separeret;2016K4;37 år;552
Odense;Mænd;Gift/separeret;2016K4;38 år;524
Odense;Mænd;Gift/separeret;2016K4;39 år;539
Odense;Mænd;Gift/separeret;2016K4;40 år;622
Odense;Mænd;Gift/separeret;2017K4;30 år;331
Odense;Mænd;Gift/separeret;2017K4;31 år;366
Odense;Mænd;Gift/separeret;2017K4;32 år;389
Odense;Mænd;Gift/separeret;2017K4;33 år;383
Odense;Mænd;Gift/separeret;2017K4;34 år;452
Odense;Mænd;Gift/separeret;2017K4;35 år;478
Odense;Mænd;Gift/separeret;2017K4;36 år;504
Odense;Mænd;Gift/separeret;2017K4;37 år;559
Odense;Mænd;Gift/separeret;2017K4;38 år;557
Odense;Mænd;Gift/separeret;2017K4;39 år;533
Odense;Mænd;Gift/separeret;2017K4;40 år;551
Odense;Mænd;Gift/separeret;2018K4;30 år;318
Odense;Mænd;Gift/separeret;2018K4;31 år;388
Odense;Mænd;Gift/separeret;2018K4;32 år;410
Odense;Mænd;Gift/separeret;2018K4;33 år;424
Odense;Mænd;Gift/separeret;2018K4;34 år;408
Odense;Mænd;Gift/separeret;2018K4;35 år;472
Odense;Mænd;Gift/separeret;2018K4;36 år;497
Odense;Mænd;Gift/separeret;2018K4;37 år;522
Odense;Mænd;Gift/separeret;2018K4;38 år;576
Odense;Mænd;Gift/separeret;2018K4;39 år;589
Odense;Mænd;Gift/separeret;2018K4;40 år;552
Odense;Mænd;Gift/separeret;2019K4;30 år;340
Odense;Mænd;Gift/separeret;2019K4;31 år;364
Odense;Mænd;Gift/separeret;2019K4;32 år;427
Odense;Mænd;Gift/separeret;2019K4;33 år;472
Odense;Mænd;Gift/separeret;2019K4;34 år;456
Odense;Mænd;Gift/separeret;2019K4;35 år;439
Odense;Mænd;Gift/separeret;2019K4;36 år;483
Odense;Mænd;Gift/separeret;2019K4;37 år;505
Odense;Mænd;Gift/separeret;2019K4;38 år;521
Odense;Mænd;Gift/separeret;2019K4;39 år;593
Odense;Mænd;Gift/separeret;2019K4;40 år;586
Odense;Mænd;Gift/separeret;2020K4;30 år;363
Odense;Mænd;Gift/separeret;2020K4;31 år;379
Odense;Mænd;Gift/separeret;2020K4;32 år;414
Odense;Mænd;Gift/separeret;2020K4;33 år;435
Odense;Mænd;Gift/separeret;2020K4;34 år;465
Odense;Mænd;Gift/separeret;2020K4;35 år;465
Odense;Mænd;Gift/separeret;2020K4;36 år;452
Odense;Mænd;Gift/separeret;2020K4;37 år;486
Odense;Mænd;Gift/separeret;2020K4;38 år;509
Odense;Mænd;Gift/separeret;2020K4;39 år;532
Odense;Mænd;Gift/separeret;2020K4;40 år;604
Odense;Mænd;Enke/enkemand;2016K4;30 år;0
Odense;Mænd;Enke/enkemand;2016K4;31 år;1
Odense;Mænd;Enke/enkemand;2016K4;32 år;0
Odense;Mænd;Enke/enkemand;2016K4;33 år;0
Odense;Mænd;Enke/enkemand;2016K4;34 år;0
Odense;Mænd;Enke/enkemand;2016K4;35 år;1
Odense;Mænd;Enke/enkemand;2016K4;36 år;0
Odense;Mænd;Enke/enkemand;2016K4;37 år;0
Odense;Mænd;Enke/enkemand;2016K4;38 år;1
Odense;Mænd;Enke/enkemand;2016K4;39 år;1
Odense;Mænd;Enke/enkemand;2016K4;40 år;1
Odense;Mænd;Enke/enkemand;2017K4;30 år;0
Odense;Mænd;Enke/enkemand;2017K4;31 år;0
Odense;Mænd;Enke/enkemand;2017K4;32 år;1
Odense;Mænd;Enke/enkemand;2017K4;33 år;0
Odense;Mænd;Enke/enkemand;2017K4;34 år;0
Odense;Mænd;Enke/enkemand;2017K4;35 år;0
Odense;Mænd;Enke/enkemand;2017K4;36 år;1
Odense;Mænd;Enke/enkemand;2017K4;37 år;0
Odense;Mænd;Enke/enkemand;2017K4;38 år;0
Odense;Mænd;Enke/enkemand;2017K4;39 år;3
Odense;Mænd;Enke/enkemand;2017K4;40 år;1
Odense;Mænd;Enke/enkemand;2018K4;30 år;0
Odense;Mænd;Enke/enkemand;2018K4;31 år;0
Odense;Mænd;Enke/enkemand;2018K4;32 år;0
Odense;Mænd;Enke/enkemand;2018K4;33 år;1
Odense;Mænd;Enke/enkemand;2018K4;34 år;0
Odense;Mænd;Enke/enkemand;2018K4;35 år;1
Odense;Mænd;Enke/enkemand;2018K4;36 år;0
Odense;Mænd;Enke/enkemand;2018K4;37 år;1
Odense;Mænd;Enke/enkemand;2018K4;38 år;0
Odense;Mænd;Enke/enkemand;2018K4;39 år;0
Odense;Mænd;Enke/enkemand;2018K4;40 år;3
Odense;Mænd;Enke/enkemand;2019K4;30 år;0
Odense;Mænd;Enke/enkemand;2019K4;31 år;0
Odense;Mænd;Enke/enkemand;2019K4;32 år;0
Odense;Mænd;Enke/enkemand;2019K4;33 år;2
Odense;Mænd;Enke/enkemand;2019K4;34 år;1
Odense;Mænd;Enke/enkemand;2019K4;35 år;0
Odense;Mænd;Enke/enkemand;2019K4;36 år;0
Odense;Mænd;Enke/enkemand;2019K4;37 år;0
Odense;Mænd;Enke/enkemand;2019K4;38 år;1
Odense;Mænd;Enke/enkemand;2019K4;39 år;0
Odense;Mænd;Enke/enkemand;2019K4;40 år;0
Odense;Mænd;Enke/enkemand;2020K4;30 år;0
Odense;Mænd;Enke/enkemand;2020K4;31 år;0
Odense;Mænd;Enke/enkemand;2020K4;32 år;0
Odense;Mænd;Enke/enkemand;2020K4;33 år;1
Odense;Mænd;Enke/enkemand;2020K4;34 år;2
Odense;Mænd;Enke/enkemand;2020K4;35 år;1
Odense;Mænd;Enke/enkemand;2020K4;36 år;0
Odense;Mænd;Enke/enkemand;2020K4;37 år;0
Odense;Mænd;Enke/enkemand;2020K4;38 år;0
Odense;Mænd;Enke/enkemand;2020K4;39 år;3
Odense;Mænd;Enke/enkemand;2020K4;40 år;0
Odense;Mænd;Fraskilt;2016K4;30 år;21
Odense;Mænd;Fraskilt;2016K4;31 år;29
Odense;Mænd;Fraskilt;2016K4;32 år;31
Odense;Mænd;Fraskilt;2016K4;33 år;33
Odense;Mænd;Fraskilt;2016K4;34 år;50
Odense;Mænd;Fraskilt;2016K4;35 år;65
Odense;Mænd;Fraskilt;2016K4;36 år;85
Odense;Mænd;Fraskilt;2016K4;37 år;95
Odense;Mænd;Fraskilt;2016K4;38 år;95
Odense;Mænd;Fraskilt;2016K4;39 år;95
Odense;Mænd;Fraskilt;2016K4;40 år;116
Odense;Mænd;Fraskilt;2017K4;30 år;22
Odense;Mænd;Fraskilt;2017K4;31 år;33
Odense;Mænd;Fraskilt;2017K4;32 år;34
Odense;Mænd;Fraskilt;2017K4;33 år;37
Odense;Mænd;Fraskilt;2017K4;34 år;43
Odense;Mænd;Fraskilt;2017K4;35 år;56
Odense;Mænd;Fraskilt;2017K4;36 år;66
Odense;Mænd;Fraskilt;2017K4;37 år;94
Odense;Mænd;Fraskilt;2017K4;38 år;105
Odense;Mænd;Fraskilt;2017K4;39 år;98
Odense;Mænd;Fraskilt;2017K4;40 år;95
Odense;Mænd;Fraskilt;2018K4;30 år;20
Odense;Mænd;Fraskilt;2018K4;31 år;28
Odense;Mænd;Fraskilt;2018K4;32 år;29
Odense;Mænd;Fraskilt;2018K4;33 år;47
Odense;Mænd;Fraskilt;2018K4;34 år;38
Odense;Mænd;Fraskilt;2018K4;35 år;52
Odense;Mænd;Fraskilt;2018K4;36 år;60
Odense;Mænd;Fraskilt;2018K4;37 år;73
Odense;Mænd;Fraskilt;2018K4;38 år;98
Odense;Mænd;Fraskilt;2018K4;39 år;115
Odense;Mænd;Fraskilt;2018K4;40 år;108
Odense;Mænd;Fraskilt;2019K4;30 år;18
Odense;Mænd;Fraskilt;2019K4;31 år;20
Odense;Mænd;Fraskilt;2019K4;32 år;34
Odense;Mænd;Fraskilt;2019K4;33 år;43
Odense;Mænd;Fraskilt;2019K4;34 år;49
Odense;Mænd;Fraskilt;2019K4;35 år;43
Odense;Mænd;Fraskilt;2019K4;36 år;61
Odense;Mænd;Fraskilt;2019K4;37 år;72
Odense;Mænd;Fraskilt;2019K4;38 år;79
Odense;Mænd;Fraskilt;2019K4;39 år;93
Odense;Mænd;Fraskilt;2019K4;40 år;117
Odense;Mænd;Fraskilt;2020K4;30 år;28
Odense;Mænd;Fraskilt;2020K4;31 år;23
Odense;Mænd;Fraskilt;2020K4;32 år;28
Odense;Mænd;Fraskilt;2020K4;33 år;38
Odense;Mænd;Fraskilt;2020K4;34 år;48
Odense;Mænd;Fraskilt;2020K4;35 år;60
Odense;Mænd;Fraskilt;2020K4;36 år;53
Odense;Mænd;Fraskilt;2020K4;37 år;70
Odense;Mænd;Fraskilt;2020K4;38 år;84
Odense;Mænd;Fraskilt;2020K4;39 år;80
Odense;Mænd;Fraskilt;2020K4;40 år;91
Odense;Kvinder;Ugift;2016K4;30 år;801
Odense;Kvinder;Ugift;2016K4;31 år;701
Odense;Kvinder;Ugift;2016K4;32 år;650
Odense;Kvinder;Ugift;2016K4;33 år;519
Odense;Kvinder;Ugift;2016K4;34 år;484
Odense;Kvinder;Ugift;2016K4;35 år;427
Odense;Kvinder;Ugift;2016K4;36 år;388
Odense;Kvinder;Ugift;2016K4;37 år;374
Odense;Kvinder;Ugift;2016K4;38 år;360
Odense;Kvinder;Ugift;2016K4;39 år;345
Odense;Kvinder;Ugift;2016K4;40 år;335
Odense;Kvinder;Ugift;2017K4;30 år;828
Odense;Kvinder;Ugift;2017K4;31 år;684
Odense;Kvinder;Ugift;2017K4;32 år;626
Odense;Kvinder;Ugift;2017K4;33 år;602
Odense;Kvinder;Ugift;2017K4;34 år;475
Odense;Kvinder;Ugift;2017K4;35 år;453
Odense;Kvinder;Ugift;2017K4;36 år;402
Odense;Kvinder;Ugift;2017K4;37 år;367
Odense;Kvinder;Ugift;2017K4;38 år;351
Odense;Kvinder;Ugift;2017K4;39 år;340
Odense;Kvinder;Ugift;2017K4;40 år;335
Odense;Kvinder;Ugift;2018K4;30 år;922
Odense;Kvinder;Ugift;2018K4;31 år;743
Odense;Kvinder;Ugift;2018K4;32 år;638
Odense;Kvinder;Ugift;2018K4;33 år;574
Odense;Kvinder;Ugift;2018K4;34 år;556
Odense;Kvinder;Ugift;2018K4;35 år;444
Odense;Kvinder;Ugift;2018K4;36 år;452
Odense;Kvinder;Ugift;2018K4;37 år;372
Odense;Kvinder;Ugift;2018K4;38 år;343
Odense;Kvinder;Ugift;2018K4;39 år;337
Odense;Kvinder;Ugift;2018K4;40 år;333
Odense;Kvinder;Ugift;2019K4;30 år;954
Odense;Kvinder;Ugift;2019K4;31 år;826
Odense;Kvinder;Ugift;2019K4;32 år;655
Odense;Kvinder;Ugift;2019K4;33 år;591
Odense;Kvinder;Ugift;2019K4;34 år;535
Odense;Kvinder;Ugift;2019K4;35 år;517
Odense;Kvinder;Ugift;2019K4;36 år;424
Odense;Kvinder;Ugift;2019K4;37 år;419
Odense;Kvinder;Ugift;2019K4;38 år;352
Odense;Kvinder;Ugift;2019K4;39 år;337
Odense;Kvinder;Ugift;2019K4;40 år;323
Odense;Kvinder;Ugift;2020K4;30 år;1006
Odense;Kvinder;Ugift;2020K4;31 år;875
Odense;Kvinder;Ugift;2020K4;32 år;730
Odense;Kvinder;Ugift;2020K4;33 år;601
Odense;Kvinder;Ugift;2020K4;34 år;546
Odense;Kvinder;Ugift;2020K4;35 år;488
Odense;Kvinder;Ugift;2020K4;36 år;488
Odense;Kvinder;Ugift;2020K4;37 år;388
Odense;Kvinder;Ugift;2020K4;38 år;402
Odense;Kvinder;Ugift;2020K4;39 år;348
Odense;Kvinder;Ugift;2020K4;40 år;318
Odense;Kvinder;Gift/separeret;2016K4;30 år;416
Odense;Kvinder;Gift/separeret;2016K4;31 år;445
Odense;Kvinder;Gift/separeret;2016K4;32 år;463
Odense;Kvinder;Gift/separeret;2016K4;33 år;482
Odense;Kvinder;Gift/separeret;2016K4;34 år;459
Odense;Kvinder;Gift/separeret;2016K4;35 år;541
Odense;Kvinder;Gift/separeret;2016K4;36 år;624
Odense;Kvinder;Gift/separeret;2016K4;37 år;607
Odense;Kvinder;Gift/separeret;2016K4;38 år;686
Odense;Kvinder;Gift/separeret;2016K4;39 år;623
Odense;Kvinder;Gift/separeret;2016K4;40 år;701
Odense;Kvinder;Gift/separeret;2017K4;30 år;436
Odense;Kvinder;Gift/separeret;2017K4;31 år;466
Odense;Kvinder;Gift/separeret;2017K4;32 år;476
Odense;Kvinder;Gift/separeret;2017K4;33 år;480
Odense;Kvinder;Gift/separeret;2017K4;34 år;500
Odense;Kvinder;Gift/separeret;2017K4;35 år;459
Odense;Kvinder;Gift/separeret;2017K4;36 år;546
Odense;Kvinder;Gift/separeret;2017K4;37 år;625
Odense;Kvinder;Gift/separeret;2017K4;38 år;604
Odense;Kvinder;Gift/separeret;2017K4;39 år;695
Odense;Kvinder;Gift/separeret;2017K4;40 år;621
Odense;Kvinder;Gift/separeret;2018K4;30 år;417
Odense;Kvinder;Gift/separeret;2018K4;31 år;462
Odense;Kvinder;Gift/separeret;2018K4;32 år;501
Odense;Kvinder;Gift/separeret;2018K4;33 år;500
Odense;Kvinder;Gift/separeret;2018K4;34 år;497
Odense;Kvinder;Gift/separeret;2018K4;35 år;507
Odense;Kvinder;Gift/separeret;2018K4;36 år;467
Odense;Kvinder;Gift/separeret;2018K4;37 år;542
Odense;Kvinder;Gift/separeret;2018K4;38 år;638
Odense;Kvinder;Gift/separeret;2018K4;39 år;613
Odense;Kvinder;Gift/separeret;2018K4;40 år;684
Odense;Kvinder;Gift/separeret;2019K4;30 år;467
Odense;Kvinder;Gift/separeret;2019K4;31 år;474
Odense;Kvinder;Gift/separeret;2019K4;32 år;489
Odense;Kvinder;Gift/separeret;2019K4;33 år;531
Odense;Kvinder;Gift/separeret;2019K4;34 år;533
Odense;Kvinder;Gift/separeret;2019K4;35 år;511
Odense;Kvinder;Gift/separeret;2019K4;36 år;507
Odense;Kvinder;Gift/separeret;2019K4;37 år;478
Odense;Kvinder;Gift/separeret;2019K4;38 år;561
Odense;Kvinder;Gift/separeret;2019K4;39 år;626
Odense;Kvinder;Gift/separeret;2019K4;40 år;620
Odense;Kvinder;Gift/separeret;2020K4;30 år;474
Odense;Kvinder;Gift/separeret;2020K4;31 år;478
Odense;Kvinder;Gift/separeret;2020K4;32 år;497
Odense;Kvinder;Gift/separeret;2020K4;33 år;503
Odense;Kvinder;Gift/separeret;2020K4;34 år;537
Odense;Kvinder;Gift/separeret;2020K4;35 år;546
Odense;Kvinder;Gift/separeret;2020K4;36 år;520
Odense;Kvinder;Gift/separeret;2020K4;37 år;515
Odense;Kvinder;Gift/separeret;2020K4;38 år;485
Odense;Kvinder;Gift/separeret;2020K4;39 år;571
Odense;Kvinder;Gift/separeret;2020K4;40 år;621
Odense;Kvinder;Enke/enkemand;2016K4;30 år;0
Odense;Kvinder;Enke/enkemand;2016K4;31 år;0
Odense;Kvinder;Enke/enkemand;2016K4;32 år;0
Odense;Kvinder;Enke/enkemand;2016K4;33 år;1
Odense;Kvinder;Enke/enkemand;2016K4;34 år;3
Odense;Kvinder;Enke/enkemand;2016K4;35 år;3
Odense;Kvinder;Enke/enkemand;2016K4;36 år;5
Odense;Kvinder;Enke/enkemand;2016K4;37 år;2
Odense;Kvinder;Enke/enkemand;2016K4;38 år;9
Odense;Kvinder;Enke/enkemand;2016K4;39 år;4
Odense;Kvinder;Enke/enkemand;2016K4;40 år;6
Odense;Kvinder;Enke/enkemand;2017K4;30 år;0
Odense;Kvinder;Enke/enkemand;2017K4;31 år;0
Odense;Kvinder;Enke/enkemand;2017K4;32 år;0
Odense;Kvinder;Enke/enkemand;2017K4;33 år;1
Odense;Kvinder;Enke/enkemand;2017K4;34 år;1
Odense;Kvinder;Enke/enkemand;2017K4;35 år;4
Odense;Kvinder;Enke/enkemand;2017K4;36 år;3
Odense;Kvinder;Enke/enkemand;2017K4;37 år;6
Odense;Kvinder;Enke/enkemand;2017K4;38 år;2
Odense;Kvinder;Enke/enkemand;2017K4;39 år;8
Odense;Kvinder;Enke/enkemand;2017K4;40 år;6
Odense;Kvinder;Enke/enkemand;2018K4;30 år;3
Odense;Kvinder;Enke/enkemand;2018K4;31 år;1
Odense;Kvinder;Enke/enkemand;2018K4;32 år;0
Odense;Kvinder;Enke/enkemand;2018K4;33 år;0
Odense;Kvinder;Enke/enkemand;2018K4;34 år;2
Odense;Kvinder;Enke/enkemand;2018K4;35 år;2
Odense;Kvinder;Enke/enkemand;2018K4;36 år;4
Odense;Kvinder;Enke/enkemand;2018K4;37 år;4
Odense;Kvinder;Enke/enkemand;2018K4;38 år;7
Odense;Kvinder;Enke/enkemand;2018K4;39 år;4
Odense;Kvinder;Enke/enkemand;2018K4;40 år;7
Odense;Kvinder;Enke/enkemand;2019K4;30 år;0
Odense;Kvinder;Enke/enkemand;2019K4;31 år;3
Odense;Kvinder;Enke/enkemand;2019K4;32 år;1
Odense;Kvinder;Enke/enkemand;2019K4;33 år;0
Odense;Kvinder;Enke/enkemand;2019K4;34 år;2
Odense;Kvinder;Enke/enkemand;2019K4;35 år;2
Odense;Kvinder;Enke/enkemand;2019K4;36 år;2
Odense;Kvinder;Enke/enkemand;2019K4;37 år;3
Odense;Kvinder;Enke/enkemand;2019K4;38 år;3
Odense;Kvinder;Enke/enkemand;2019K4;39 år;8
Odense;Kvinder;Enke/enkemand;2019K4;40 år;5
Odense;Kvinder;Enke/enkemand;2020K4;30 år;0
Odense;Kvinder;Enke/enkemand;2020K4;31 år;0
Odense;Kvinder;Enke/enkemand;2020K4;32 år;3
Odense;Kvinder;Enke/enkemand;2020K4;33 år;1
Odense;Kvinder;Enke/enkemand;2020K4;34 år;0
Odense;Kvinder;Enke/enkemand;2020K4;35 år;2
Odense;Kvinder;Enke/enkemand;2020K4;36 år;1
Odense;Kvinder;Enke/enkemand;2020K4;37 år;3
Odense;Kvinder;Enke/enkemand;2020K4;38 år;3
Odense;Kvinder;Enke/enkemand;2020K4;39 år;3
Odense;Kvinder;Enke/enkemand;2020K4;40 år;10
Odense;Kvinder;Fraskilt;2016K4;30 år;53
Odense;Kvinder;Fraskilt;2016K4;31 år;39
Odense;Kvinder;Fraskilt;2016K4;32 år;51
Odense;Kvinder;Fraskilt;2016K4;33 år;93
Odense;Kvinder;Fraskilt;2016K4;34 år;90
Odense;Kvinder;Fraskilt;2016K4;35 år;96
Odense;Kvinder;Fraskilt;2016K4;36 år;106
Odense;Kvinder;Fraskilt;2016K4;37 år;148
Odense;Kvinder;Fraskilt;2016K4;38 år;153
Odense;Kvinder;Fraskilt;2016K4;39 år;151
Odense;Kvinder;Fraskilt;2016K4;40 år;190
Odense;Kvinder;Fraskilt;2017K4;30 år;45
Odense;Kvinder;Fraskilt;2017K4;31 år;57
Odense;Kvinder;Fraskilt;2017K4;32 år;51
Odense;Kvinder;Fraskilt;2017K4;33 år;58
Odense;Kvinder;Fraskilt;2017K4;34 år;102
Odense;Kvinder;Fraskilt;2017K4;35 år;92
Odense;Kvinder;Fraskilt;2017K4;36 år;102
Odense;Kvinder;Fraskilt;2017K4;37 år;117
Odense;Kvinder;Fraskilt;2017K4;38 år;156
Odense;Kvinder;Fraskilt;2017K4;39 år;164
Odense;Kvinder;Fraskilt;2017K4;40 år;163
Odense;Kvinder;Fraskilt;2018K4;30 år;47
Odense;Kvinder;Fraskilt;2018K4;31 år;49
Odense;Kvinder;Fraskilt;2018K4;32 år;67
Odense;Kvinder;Fraskilt;2018K4;33 år;61
Odense;Kvinder;Fraskilt;2018K4;34 år;70
Odense;Kvinder;Fraskilt;2018K4;35 år;102
Odense;Kvinder;Fraskilt;2018K4;36 år;97
Odense;Kvinder;Fraskilt;2018K4;37 år;105
Odense;Kvinder;Fraskilt;2018K4;38 år;126
Odense;Kvinder;Fraskilt;2018K4;39 år;155
Odense;Kvinder;Fraskilt;2018K4;40 år;177
Odense;Kvinder;Fraskilt;2019K4;30 år;39
Odense;Kvinder;Fraskilt;2019K4;31 år;49
Odense;Kvinder;Fraskilt;2019K4;32 år;56
Odense;Kvinder;Fraskilt;2019K4;33 år;76
Odense;Kvinder;Fraskilt;2019K4;34 år;64
Odense;Kvinder;Fraskilt;2019K4;35 år;85
Odense;Kvinder;Fraskilt;2019K4;36 år;113
Odense;Kvinder;Fraskilt;2019K4;37 år;104
Odense;Kvinder;Fraskilt;2019K4;38 år;105
Odense;Kvinder;Fraskilt;2019K4;39 år;142
Odense;Kvinder;Fraskilt;2019K4;40 år;154
Odense;Kvinder;Fraskilt;2020K4;30 år;39
Odense;Kvinder;Fraskilt;2020K4;31 år;41
Odense;Kvinder;Fraskilt;2020K4;32 år;54
Odense;Kvinder;Fraskilt;2020K4;33 år;63
Odense;Kvinder;Fraskilt;2020K4;34 år;84
Odense;Kvinder;Fraskilt;2020K4;35 år;75
Odense;Kvinder;Fraskilt;2020K4;36 år;98
Odense;Kvinder;Fraskilt;2020K4;37 år;121
Odense;Kvinder;Fraskilt;2020K4;38 år;110
Odense;Kvinder;Fraskilt;2020K4;39 år;115
Odense;Kvinder;Fraskilt;2020K4;40 år;152
